Timestamp,User Count,Type,Name,Requests/s,Failures/s,50%,66%,75%,80%,90%,95%,98%,99%,99.9%,99.99%,100%,Total Request Count,Total Failure Count,Total Median Response Time,Total Average Response Time,Total Min Response Time,Total Max Response Time,Total Average Content Size
1791235512,0,,Aggregated,0.000000,0.000000,N/A,N/A,N/A,N/A,N/A,N/A,N/A,N/A,N/A,N/A,N/A,0,0,0,0.0,0,0,0
1791235513,0,,Aggregated,0.000000,0.000000,N/A,N/A,N/A,N/A,N/A,N/A,N/A,N/A,N/A,N/A,N/A,0,0,0,0.0,0,0,0
1791235514,64,,Aggregated,0.000000,0.000000,N/A,N/A,N/A,N/A,N/A,N/A,N/A,N/A,N/A,N/A,N/A,0,0,0,0.0,0,0,0
1791235515,64,,Aggregated,0.000000,0.000000,300,440,610,630,900,940,1800,1900,1900,1900,1900,86,0,300,411.22258634880717,43.39890900018872,1869.7032840000247,22.36046511627907
1791235516,64,,Aggregated,0.000000,0.000000,300,440,610,630,900,940,1800,1900,1900,1900,1900,86,0,300,411.22258634880717,43.39890900018872,1869.7032840000247,22.36046511627907
1791235517,64,,Aggregated,0.000000,0.000000,300,440,610,630,900,940,1800,1900,1900,1900,1900,86,0,300,411.22258634880717,43.39890900018872,1869.7032840000247,22.36046511627907
1791235518,64,,Aggregated,38.000000,0.000000,290,570,900,1600,2500,3100,4100,4200,4300,4300,4300,276,0,290,756.1007551412973,31.40365200033557,4251.1943849999625,62.108695652173914
1791235519,64,,Aggregated,38.000000,0.000000,290,570,900,1600,2500,3100,4100,4200,4300,4300,4300,276,0,290,756.1007551412973,31.40365200033557,4251.1943849999625,62.108695652173914
1791235520,64,,Aggregated,38.000000,0.000000,290,570,900,1600,2500,3100,4100,4200,4300,4300,4300,276,0,290,756.1007551412973,31.40365200033557,4251.1943849999625,62.108695652173914
1791235521,64,,Aggregated,48.666667,0.000000,290,610,1300,1900,2700,3400,4300,6700,7500,7500,7500,406,0,290,887.7145880393988,31.40365200033557,7450.182797000252,77.36453201970443
1791235522,64,,Aggregated,48.666667,0.000000,290,610,1300,1900,2700,3400,4300,6700,7500,7500,7500,406,0,290,887.7145880393988,31.40365200033557,7450.182797000252,77.36453201970443
1791235523,64,,Aggregated,48.666667,0.000000,290,610,1300,1900,2700,3400,4300,6700,7500,7500,7500,406,0,290,887.7145880393988,31.40365200033557,7450.182797000252,77.36453201970443
1791235524,64,,Aggregated,48.000000,0.000000,240,650,1600,2000,2900,4100,6900,7800,8000,8000,8000,572,0,240,1013.4445237884495,31.40365200033557,8019.367854000393,91.49125874125875
1791235525,64,,Aggregated,48.000000,0.000000,240,650,1600,2000,2900,4100,6900,7800,8000,8000,8000,572,0,240,1013.4445237884495,31.40365200033557,8019.367854000393,91.49125874125875
1791235526,64,,Aggregated,48.000000,0.000000,240,650,1600,2000,2900,4100,6900,7800,8000,8000,8000,572,0,240,1013.4445237884495,31.40365200033557,8019.367854000393,91.49125874125875
1791235527,64,,Aggregated,51.800000,0.000000,220,680,1700,2100,2900,5700,7500,7800,8000,8000,8000,726,0,220,1077.2818712424169,31.40365200033557,8019.367854000393,98.79338842975207
1791235528,64,,Aggregated,51.800000,0.000000,220,680,1700,2100,2900,5700,7500,7800,8000,8000,8000,726,0,220,1077.2818712424169,31.40365200033557,8019.367854000393,98.79338842975207
1791235529,64,,Aggregated,51.800000,0.000000,220,680,1700,2100,2900,5700,7500,7800,8000,8000,8000,726,0,220,1077.2818712424169,31.40365200033557,8019.367854000393,98.79338842975207
1791235530,64,,Aggregated,51.000000,0.000000,200,660,1700,2100,2900,6000,7500,7800,8000,8000,8000,908,0,200,1070.0633605660723,31.40365200033557,8034.694424000008,98.39867841409692
1791235531,64,,Aggregated,51.000000,0.000000,200,660,1700,2100,2900,6000,7500,7800,8000,8000,8000,908,0,200,1070.0633605660723,31.40365200033557,8034.694424000008,98.39867841409692
1791235532,64,,Aggregated,51.000000,0.000000,200,660,1700,2100,2900,6000,7500,7800,8000,8000,8000,908,0,200,1070.0633605660723,31.40365200033557,8034.694424000008,98.39867841409692
1791235533,64,,Aggregated,55.400000,0.000000,150,660,1700,2100,2900,6300,7700,7900,8000,8000,8000,1092,0,150,1079.2543020357089,31.40365200033557,8034.694424000008,99.38278388278388
1791235534,64,,Aggregated,55.400000,0.000000,150,660,1700,2100,2900,6300,7700,7900,8000,8000,8000,1092,0,150,1079.2543020357089,31.40365200033557,8034.694424000008,99.38278388278388
1791235535,64,,Aggregated,55.400000,0.000000,150,660,1700,2100,2900,6300,7700,7900,8000,8000,8000,1092,0,150,1079.2543020357089,31.40365200033557,8034.694424000008,99.38278388278388
1791235536,64,,Aggregated,57.400000,0.000000,140,660,1700,2100,2900,6300,7700,7900,8000,8100,8100,1254,0,140,1088.0920929944148,31.40365200033557,8056.129540000256,100.57575757575758
1791235537,64,,Aggregated,57.400000,0.000000,140,660,1700,2100,2900,6300,7700,7900,8000,8100,8100,1254,0,140,1088.0920929944148,31.40365200033557,8056.129540000256,100.57575757575758
1791235538,64,,Aggregated,57.400000,0.000000,140,660,1700,2100,2900,6300,7700,7900,8000,8100,8100,1254,0,140,1088.0920929944148,31.40365200033557,8056.129540000256,100.57575757575758
1791235539,64,,Aggregated,57.600000,0.000000,130,670,1700,2200,2900,6400,7700,7900,8000,8100,8100,1404,0,130,1106.6182364594008,31.40365200033557,8056.129540000256,102.77849002849003
1791235540,64,,Aggregated,57.600000,0.000000,130,670,1700,2200,2900,6400,7700,7900,8000,8100,8100,1404,0,130,1106.6182364594008,31.40365200033557,8056.129540000256,102.77849002849003
1791235541,64,,Aggregated,57.600000,0.000000,130,670,1700,2200,2900,6400,7700,7900,8000,8100,8100,1404,0,130,1106.6182364594008,31.40365200033557,8056.129540000256,102.77849002849003
1791235542,64,,Aggregated,55.000000,0.000000,120,670,1700,2200,2900,6400,7800,7900,8000,8100,8100,1584,0,120,1106.670984002525,31.40365200033557,8056.129540000256,102.83207070707071
1791235543,64,,Aggregated,55.000000,0.000000,120,670,1700,2200,2900,6400,7800,7900,8000,8100,8100,1584,0,120,1106.670984002525,31.40365200033557,8056.129540000256,102.83207070707071
1791235544,64,,Aggregated,55.000000,0.000000,120,670,1700,2200,2900,6400,7800,7900,8000,8100,8100,1584,0,120,1106.670984002525,31.40365200033557,8056.129540000256,102.83207070707071
1791235545,64,,Aggregated,54.800000,0.000000,110,670,1800,2200,3000,6500,7800,7900,8100,8200,8200,1754,0,110,1130.7002037611169,31.40365200033557,8174.714714999936,104.82041049030786
1791235546,64,,Aggregated,54.800000,0.000000,110,670,1800,2200,3000,6500,7800,7900,8100,8200,8200,1754,0,110,1130.7002037611169,31.40365200033557,8174.714714999936,104.82041049030786
1791235547,64,,Aggregated,54.800000,0.000000,110,670,1800,2200,3000,6500,7800,7900,8100,8200,8200,1754,0,110,1130.7002037611169,31.40365200033557,8174.714714999936,104.82041049030786
1791235548,64,,Aggregated,55.800000,0.000000,110,670,1800,2200,2900,6400,7800,7900,8100,8200,8200,1928,0,110,1109.0396079756226,31.40365200033557,8174.714714999936,102.65352697095436
1791235549,64,,Aggregated,55.800000,0.000000,110,670,1800,2200,2900,6400,7800,7900,8100,8200,8200,1928,0,110,1109.0396079756226,31.40365200033557,8174.714714999936,102.65352697095436
1791235550,64,,Aggregated,55.800000,0.000000,110,670,1800,2200,2900,6400,7800,7900,8100,8200,8200,1928,0,110,1109.0396079756226,31.40365200033557,8174.714714999936,102.65352697095436
1791235551,64,,Aggregated,58.000000,0.000000,110,680,1800,2200,3000,6400,7800,8000,8100,8200,8200,2096,0,110,1124.5398896865477,31.40365200033557,8174.714714999936,104.26526717557252
1791235552,64,,Aggregated,58.000000,0.000000,110,680,1800,2200,3000,6400,7800,8000,8100,8200,8200,2096,0,110,1124.5398896865477,31.40365200033557,8174.714714999936,104.26526717557252
1791235553,64,,Aggregated,58.000000,0.000000,110,680,1800,2200,3000,6400,7800,8000,8100,8200,8200,2096,0,110,1124.5398896865477,31.40365200033557,8174.714714999936,104.26526717557252
1791235554,64,,Aggregated,57.000000,0.000000,110,680,1800,2200,3000,6500,7800,8000,8100,8200,8200,2248,0,110,1127.8239854768694,31.40365200033557,8174.714714999936,104.67037366548043
1791235555,64,,Aggregated,57.000000,0.000000,110,680,1800,2200,3000,6500,7800,8000,8100,8200,8200,2248,0,110,1127.8239854768694,31.40365200033557,8174.714714999936,104.67037366548043
1791235556,64,,Aggregated,57.000000,0.000000,110,680,1800,2200,3000,6500,7800,8000,8100,8200,8200,2248,0,110,1127.8239854768694,31.40365200033557,8174.714714999936,104.67037366548043
1791235557,64,,Aggregated,55.000000,0.000000,110,680,1800,2200,3000,6500,7800,7900,8100,8200,8200,2422,0,110,1136.9983156870346,31.40365200033557,8174.714714999936,105.67134599504541
1791235558,64,,Aggregated,55.000000,0.000000,110,680,1800,2200,3000,6500,7800,7900,8100,8200,8200,2422,0,110,1136.9983156870346,31.40365200033557,8174.714714999936,105.67134599504541
1791235559,64,,Aggregated,55.000000,0.000000,110,680,1800,2200,3000,6500,7800,7900,8100,8200,8200,2422,0,110,1136.9983156870346,31.40365200033557,8174.714714999936,105.67134599504541
1791235560,64,,Aggregated,52.200000,0.000000,110,680,1800,2200,3000,6500,7800,8000,8100,8200,8200,2580,0,110,1139.691735978682,31.40365200033557,8174.714714999936,105.83682170542636
1791235561,64,,Aggregated,52.200000,0.000000,110,680,1800,2200,3000,6500,7800,8000,8100,8200,8200,2580,0,110,1139.691735978682,31.40365200033557,8174.714714999936,105.83682170542636
1791235562,64,,Aggregated,52.200000,0.000000,110,680,1800,2200,3000,6500,7800,8000,8100,8200,8200,2580,0,110,1139.691735978682,31.40365200033557,8174.714714999936,105.83682170542636
1791235563,64,,Aggregated,54.000000,0.000000,110,680,1800,2200,3000,6600,7800,8000,8100,8200,8200,2730,0,110,1142.1218320505486,31.40365200033557,8174.714714999936,106.21062271062272
1791235564,64,,Aggregated,54.000000,0.000000,110,680,1800,2200,3000,6600,7800,8000,8100,8200,8200,2730,0,110,1142.1218320505486,31.40365200033557,8174.714714999936,106.21062271062272
1791235565,64,,Aggregated,54.000000,0.000000,110,680,1800,2200,3000,6600,7800,8000,8100,8200,8200,2730,0,110,1142.1218320505486,31.40365200033557,8174.714714999936,106.21062271062272
1791235566,64,,Aggregated,52.400000,0.000000,110,680,1800,2200,3000,6600,7800,8000,8100,8200,8200,2874,0,110,1153.8689322672233,31.40365200033557,8174.714714999936,107.30271398747391
1791235567,64,,Aggregated,52.400000,0.000000,110,680,1800,2200,3000,6600,7800,8000,8100,8200,8200,2874,0,110,1153.8689322672233,31.40365200033557,8174.714714999936,107.30271398747391
1791235568,64,,Aggregated,52.400000,0.000000,110,680,1800,2200,3000,6600,7800,8000,8100,8200,8200,2874,0,110,1153.8689322672233,31.40365200033557,8174.714714999936,107.30271398747391
1791235569,64,,Aggregated,52.200000,0.000000,110,690,1800,2200,3100,6700,7800,8000,8200,8200,8200,3044,0,110,1168.4459452132053,31.40365200033557,8233.486889999767,108.38830486202366
1791235570,64,,Aggregated,52.200000,0.000000,110,690,1800,2200,3100,6700,7800,8000,8200,8200,8200,3044,0,110,1168.4459452132053,31.40365200033557,8233.486889999767,108.38830486202366
1791235571,64,,Aggregated,52.200000,0.000000,110,690,1800,2200,3100,6700,7800,8000,8200,8200,8200,3044,0,110,1168.4459452132053,31.40365200033557,8233.486889999767,108.38830486202366
1791235572,64,,Aggregated,52.400000,0.000000,100,690,1800,2200,3100,6700,7800,8000,8200,8200,8200,3206,0,100,1161.08548619931,31.40365200033557,8233.486889999767,107.62975670617593
1791235573,64,,Aggregated,52.400000,0.000000,100,690,1800,2200,3100,6700,7800,8000,8200,8200,8200,3206,0,100,1161.08548619931,31.40365200033557,8233.486889999767,107.62975670617593
1791235574,64,,Aggregated,52.400000,0.000000,100,690,1800,2200,3100,6700,7800,8000,8200,8200,8200,3206,0,100,1161.08548619931,31.40365200033557,8233.486889999767,107.62975670617593
1791235575,64,,Aggregated,51.800000,0.000000,100,690,1800,2200,3100,6700,7800,8000,8200,8400,8400,3362,0,100,1165.6436615208158,31.40365200033557,8357.622166000056,108.31588340273646
1791235576,64,,Aggregated,51.800000,0.000000,100,690,1800,2200,3100,6700,7800,8000,8200,8400,8400,3362,0,100,1165.6436615208158,31.40365200033557,8357.622166000056,108.31588340273646
1791235577,64,,Aggregated,51.800000,0.000000,100,690,1800,2200,3100,6700,7800,8000,8200,8400,8400,3362,0,100,1165.6436615208158,31.40365200033557,8357.622166000056,108.31588340273646
1791235578,64,,Aggregated,54.800000,0.000000,100,690,1800,2200,3100,6700,7800,8000,8200,8400,8400,3504,0,100,1165.5460764212285,31.40365200033557,8357.622166000056,108.6144406392694
1791235579,64,,Aggregated,54.800000,0.000000,100,690,1800,2200,3100,6700,7800,8000,8200,8400,8400,3504,0,100,1165.5460764212285,31.40365200033557,8357.622166000056,108.6144406392694
1791235580,64,,Aggregated,54.800000,0.000000,100,690,1800,2200,3100,6700,7800,8000,8200,8400,8400,3504,0,100,1165.5460764212285,31.40365200033557,8357.622166000056,108.6144406392694
1791235581,64,,Aggregated,50.200000,0.000000,100,690,1800,2200,3200,6700,7800,8000,8200,8400,8400,3634,0,100,1177.3594262578379,31.40365200033557,8357.622166000056,110.1505228398459
1791235582,64,,Aggregated,50.200000,0.000000,100,690,1800,2200,3200,6700,7800,8000,8200,8400,8400,3634,0,100,1177.3594262578379,31.40365200033557,8357.622166000056,110.1505228398459
1791235583,64,,Aggregated,50.200000,0.000000,100,690,1800,2200,3200,6700,7800,8000,8200,8400,8400,3634,0,100,1177.3594262578379,31.40365200033557,8357.622166000056,110.1505228398459
1791235584,64,,Aggregated,48.200000,0.000000,100,690,1800,2300,3200,6800,7800,8000,8200,8400,8400,3786,0,100,1189.9952033063885,31.40365200033557,8357.622166000056,111.62810353935552
1791235585,64,,Aggregated,48.200000,0.000000,100,690,1800,2300,3200,6800,7800,8000,8200,8400,8400,3786,0,100,1189.9952033063885,31.40365200033557,8357.622166000056,111.62810353935552
1791235586,64,,Aggregated,48.200000,0.000000,100,690,1800,2300,3200,6800,7800,8000,8200,8400,8400,3786,0,100,1189.9952033063885,31.40365200033557,8357.622166000056,111.62810353935552
1791235587,64,,Aggregated,48.600000,0.000000,100,690,1800,2200,3200,6800,7800,8000,8200,8400,8400,3950,0,100,1187.109606486325,31.40365200033557,8357.622166000056,111.45088607594937
1791235588,64,,Aggregated,48.600000,0.000000,100,690,1800,2200,3200,6800,7800,8000,8200,8400,8400,3950,0,100,1187.109606486325,31.40365200033557,8357.622166000056,111.45088607594937
1791235589,64,,Aggregated,48.600000,0.000000,100,690,1800,2200,3200,6800,7800,8000,8200,8400,8400,3950,0,100,1187.109606486325,31.40365200033557,8357.622166000056,111.45088607594937
1791235590,64,,Aggregated,49.600000,0.000000,99,690,1800,2300,3200,6800,7800,8000,8200,8400,8400,4108,0,99,1191.5401513868028,31.40365200033557,8357.622166000056,111.93037974683544
1791235591,64,,Aggregated,49.600000,0.000000,99,690,1800,2300,3200,6800,7800,8000,8200,8400,8400,4108,0,99,1191.5401513868028,31.40365200033557,8357.622166000056,111.93037974683544
1791235592,64,,Aggregated,49.600000,0.000000,99,690,1800,2300,3200,6800,7800,8000,8200,8400,8400,4108,0,99,1191.5401513868028,31.40365200033557,8357.622166000056,111.93037974683544
1791235593,64,,Aggregated,53.800000,0.000000,99,690,1800,2300,3200,6800,7800,8000,8200,8400,8400,4266,0,99,1192.802297408342,31.40365200033557,8357.622166000056,112.11744022503517
1791235594,64,,Aggregated,53.800000,0.000000,99,690,1800,2300,3200,6800,7800,8000,8200,8400,8400,4266,0,99,1192.802297408342,31.40365200033557,8357.622166000056,112.11744022503517
1791235595,64,,Aggregated,53.800000,0.000000,99,690,1800,2300,3200,6800,7800,8000,8200,8400,8400,4266,0,99,1192.802297408342,31.40365200033557,8357.622166000056,112.11744022503517
1791235596,64,,Aggregated,52.400000,0.000000,99,690,1800,2300,3200,6800,7800,8000,8200,8400,8400,4440,0,99,1191.1340969966195,31.40365200033557,8357.622166000056,111.89932432432433
1791235597,64,,Aggregated,52.400000,0.000000,99,690,1800,2300,3200,6800,7800,8000,8200,8400,8400,4440,0,99,1191.1340969966195,31.40365200033557,8357.622166000056,111.89932432432433
1791235598,64,,Aggregated,52.400000,0.000000,99,690,1800,2300,3200,6800,7800,8000,8200,8400,8400,4440,0,99,1191.1340969966195,31.40365200033557,8357.622166000056,111.89932432432433
1791235599,64,,Aggregated,54.200000,0.000000,98,690,1800,2300,3200,6800,7800,8000,8200,8400,8400,4612,0,98,1193.9516061775792,31.40365200033557,8357.622166000056,112.15698178664354
1791235600,64,,Aggregated,54.200000,0.000000,98,690,1800,2300,3200,6800,7800,8000,8200,8400,8400,4612,0,98,1193.9516061775792,31.40365200033557,8357.622166000056,112.15698178664354
1791235601,64,,Aggregated,54.200000,0.000000,98,690,1800,2300,3200,6800,7800,8000,8200,8400,8400,4612,0,98,1193.9516061775792,31.40365200033557,8357.622166000056,112.15698178664354
1791235602,64,,Aggregated,55.200000,0.000000,98,690,1800,2300,3200,6800,7800,8000,8200,8400,8400,4732,0,98,1193.3715677428142,31.40365200033557,8357.622166000056,112.14919695688927
1791235603,64,,Aggregated,55.200000,0.000000,98,690,1800,2300,3200,6800,7800,8000,8200,8400,8400,4732,0,98,1193.3715677428142,31.40365200033557,8357.622166000056,112.14919695688927
1791235604,64,,Aggregated,55.200000,0.000000,98,690,1800,2300,3200,6800,7800,8000,8200,8400,8400,4732,0,98,1193.3715677428142,31.40365200033557,8357.622166000056,112.14919695688927
1791235605,64,,Aggregated,51.200000,0.000000,97,690,1800,2300,3300,6800,7800,8000,8200,8400,8400,4890,0,97,1200.5652324251523,31.40365200033557,8357.622166000056,113.01554192229038
1791235606,64,,Aggregated,51.200000,0.000000,97,690,1800,2300,3300,6800,7800,8000,8200,8400,8400,4890,0,97,1200.5652324251523,31.40365200033557,8357.622166000056,113.01554192229038
1791235607,64,,Aggregated,51.200000,0.000000,97,690,1800,2300,3300,6800,7800,8000,8200,8400,8400,4890,0,97,1200.5652324251523,31.40365200033557,8357.622166000056,113.01554192229038
1791235608,64,,Aggregated,51.800000,0.000000,97,700,1800,2300,3300,6900,7800,7900,8200,8400,8400,5052,0,97,1202.3669770635386,31.40365200033557,8357.622166000056,113.18626286619161
1791235609,64,,Aggregated,51.800000,0.000000,97,700,1800,2300,3300,6900,7800,7900,8200,8400,8400,5052,0,97,1202.3669770635386,31.40365200033557,8357.622166000056,113.18626286619161
1791235610,64,,Aggregated,51.800000,0.000000,97,700,1800,2300,3300,6900,7800,7900,8200,8400,8400,5052,0,97,1202.3669770635386,31.40365200033557,8357.622166000056,113.18626286619161
1791235611,64,,Aggregated,49.000000,0.000000,97,700,1800,2300,3300,6800,7800,8000,8200,8400,8400,5226,0,97,1201.2678212864519,31.40365200033557,8357.622166000056,112.95675468809797
1791235612,64,,Aggregated,49.000000,0.000000,97,700,1800,2300,3300,6800,7800,8000,8200,8400,8400,5226,0,97,1201.2678212864519,31.40365200033557,8357.622166000056,112.95675468809797
1791235613,64,,Aggregated,49.000000,0.000000,97,700,1800,2300,3300,6800,7800,8000,8200,8400,8400,5226,0,97,1201.2678212864519,31.40365200033557,8357.622166000056,112.95675468809797
1791235614,64,,Aggregated,53.200000,0.000000,97,700,1900,2300,3300,6900,7800,8000,8200,8400,8400,5388,0,97,1202.6934193611728,31.40365200033557,8357.622166000056,113.03359317000742
1791235615,64,,Aggregated,53.200000,0.000000,97,700,1900,2300,3300,6900,7800,8000,8200,8400,8400,5388,0,97,1202.6934193611728,31.40365200033557,8357.622166000056,113.03359317000742
1791235616,64,,Aggregated,53.200000,0.000000,97,700,1900,2300,3300,6900,7800,8000,8200,8400,8400,5388,0,97,1202.6934193611728,31.40365200033557,8357.622166000056,113.03359317000742
1791235617,64,,Aggregated,55.000000,0.000000,97,700,1800,2300,3300,6800,7800,8000,8200,8400,8400,5534,0,97,1199.680550287314,31.40365200033557,8357.622166000056,112.78604987350921
1791235618,64,,Aggregated,55.000000,0.000000,97,700,1800,2300,3300,6800,7800,8000,8200,8400,8400,5534,0,97,1199.680550287314,31.40365200033557,8357.622166000056,112.78604987350921
1791235619,64,,Aggregated,55.000000,0.000000,97,700,1800,2300,3300,6800,7800,8000,8200,8400,8400,5534,0,97,1199.680550287314,31.40365200033557,8357.622166000056,112.78604987350921
1791235620,64,,Aggregated,52.000000,0.000000,96,690,1800,2300,3300,6900,7800,8000,8200,8400,8400,5700,0,96,1204.4488772196491,31.40365200033557,8357.622166000056,113.44578947368421
1791235621,64,,Aggregated,52.000000,0.000000,96,690,1800,2300,3300,6900,7800,8000,8200,8400,8400,5700,0,96,1204.4488772196491,31.40365200033557,8357.622166000056,113.44578947368421
1791235622,64,,Aggregated,52.000000,0.000000,96,690,1800,2300,3300,6900,7800,8000,8200,8400,8400,5700,0,96,1204.4488772196491,31.40365200033557,8357.622166000056,113.44578947368421
1791235623,64,,Aggregated,52.800000,0.000000,96,690,1800,2300,3300,6800,7800,7900,8200,8400,8400,5834,0,96,1205.5880839952003,31.40365200033557,8357.622166000056,113.83493315049708
1791235624,64,,Aggregated,52.800000,0.000000,96,690,1800,2300,3300,6800,7800,7900,8200,8400,8400,5834,0,96,1205.5880839952003,31.40365200033557,8357.622166000056,113.83493315049708
1791235625,64,,Aggregated,52.800000,0.000000,96,690,1800,2300,3300,6800,7800,7900,8200,8400,8400,5834,0,96,1205.5880839952003,31.40365200033557,8357.622166000056,113.83493315049708
1791235626,64,,Aggregated,50.200000,0.000000,96,690,1800,2300,3400,6800,7800,7900,8200,8400,8400,5978,0,96,1210.8447066077274,31.40365200033557,8357.622166000056,114.57226497156239
1791235627,64,,Aggregated,50.200000,0.000000,96,690,1800,2300,3400,6800,7800,7900,8200,8400,8400,5978,0,96,1210.8447066077274,31.40365200033557,8357.622166000056,114.57226497156239
1791235628,64,,Aggregated,50.200000,0.000000,96,690,1800,2300,3400,6800,7800,7900,8200,8400,8400,5978,0,96,1210.8447066077274,31.40365200033557,8357.622166000056,114.57226497156239
1791235629,64,,Aggregated,49.400000,0.000000,96,690,1800,2300,3400,6800,7700,7900,8200,8400,8400,6128,0,96,1212.6444310236614,31.40365200033557,8357.622166000056,114.88120104438643
1791235630,64,,Aggregated,49.400000,0.000000,96,690,1800,2300,3400,6800,7700,7900,8200,8400,8400,6128,0,96,1212.6444310236614,31.40365200033557,8357.622166000056,114.88120104438643
1791235631,64,,Aggregated,49.400000,0.000000,96,690,1800,2300,3400,6800,7700,7900,8200,8400,8400,6128,0,96,1212.6444310236614,31.40365200033557,8357.622166000056,114.88120104438643
1791235632,64,,Aggregated,47.600000,0.000000,96,690,1800,2300,3400,6800,7700,7900,8200,8400,8400,6298,0,96,1212.459684313115,31.40365200033557,8357.622166000056,114.98602731025723
1791235633,384,,Aggregated,47.600000,0.000000,96,690,1800,2300,3400,6800,7700,7900,8200,8400,8400,6298,0,96,1212.459684313115,31.40365200033557,8357.622166000056,114.98602731025723
1791235634,384,,Aggregated,47.600000,0.000000,96,690,1800,2300,3400,6800,7700,7900,8200,8400,8400,6298,0,96,1212.459684313115,31.40365200033557,8357.622166000056,114.98602731025723
1791235635,384,,Aggregated,51.400000,0.000000,98,700,1800,2300,3400,6800,7700,7900,8200,8600,8600,6402,0,98,1214.6723885559209,31.40365200033557,8627.26425000028,114.68103717588254
1791235636,384,,Aggregated,51.400000,0.000000,98,700,1800,2300,3400,6800,7700,7900,8200,8600,8600,6402,0,98,1214.6723885559209,31.40365200033557,8627.26425000028,114.68103717588254
1791235637,384,,Aggregated,51.400000,0.000000,98,700,1800,2300,3400,6800,7700,7900,8200,8600,8600,6402,0,98,1214.6723885559209,31.40365200033557,8627.26425000028,114.68103717588254
1791235638,384,,Aggregated,48.200000,0.000000,110,860,2000,2400,3800,6800,7700,7900,8200,9000,9000,6638,0,110,1263.737230748268,31.40365200033557,8990.05402900002,112.11283519132269
1791235639,384,,Aggregated,48.200000,0.000000,110,860,2000,2400,3800,6800,7700,7900,8200,9000,9000,6638,0,110,1263.737230748268,31.40365200033557,8990.05402900002,112.11283519132269
1791235640,384,,Aggregated,48.200000,0.000000,110,860,2000,2400,3800,6800,7700,7900,8200,9000,9000,6638,0,110,1263.737230748268,31.40365200033557,8990.05402900002,112.11283519132269
1791235641,384,,Aggregated,55.000000,0.000000,120,960,2000,2500,4000,6900,7700,8000,8800,13000,13000,6782,0,120,1330.1292756700095,31.40365200033557,13443.941817999985,111.34237687997641
1791235642,384,,Aggregated,55.000000,0.000000,120,960,2000,2500,4000,6900,7700,8000,8800,13000,13000,6782,0,120,1330.1292756700095,31.40365200033557,13443.941817999985,111.34237687997641
1791235643,384,,Aggregated,55.000000,0.000000,120,960,2000,2500,4000,6900,7700,8000,8800,13000,13000,6782,0,120,1330.1292756700095,31.40365200033557,13443.941817999985,111.34237687997641
1791235644,384,,Aggregated,53.400000,0.000000,190,1200,2200,2600,4700,7100,8000,8600,11000,13000,13000,6988,0,190,1448.3171273342887,31.40365200033557,13443.941817999985,110.6310818546079
1791235645,384,,Aggregated,53.400000,0.000000,190,1200,2200,2600,4700,7100,8000,8600,11000,13000,13000,6988,0,190,1448.3171273342887,31.40365200033557,13443.941817999985,110.6310818546079
1791235646,384,,Aggregated,53.400000,0.000000,190,1200,2200,2600,4700,7100,8000,8600,11000,13000,13000,6988,0,190,1448.3171273342887,31.40365200033557,13443.941817999985,110.6310818546079
1791235647,384,,Aggregated,64.400000,0.000000,230,1600,2400,2700,5600,7400,8200,10000,14000,17000,17000,7200,0,230,1585.662935411807,31.40365200033557,16537.035899999864,110.01125
1791235648,384,,Aggregated,64.400000,0.000000,230,1600,2400,2700,5600,7400,8200,10000,14000,17000,17000,7200,0,230,1585.662935411807,31.40365200033557,16537.035899999864,110.01125
1791235649,384,,Aggregated,64.400000,0.000000,230,1600,2400,2700,5600,7400,8200,10000,14000,17000,17000,7200,0,230,1585.662935411807,31.40365200033557,16537.035899999864,110.01125
1791235650,384,,Aggregated,64.200000,0.000000,290,1700,2500,2900,6000,7500,9800,12000,16000,20000,20000,7386,0,290,1715.7697428862732,31.40365200033557,19858.168043000205,109.51543460601137
1791235651,384,,Aggregated,64.200000,0.000000,290,1700,2500,2900,6000,7500,9800,12000,16000,20000,20000,7386,0,290,1715.7697428862732,31.40365200033557,19858.168043000205,109.51543460601137
1791235652,384,,Aggregated,64.200000,0.000000,290,1700,2500,2900,6000,7500,9800,12000,16000,20000,20000,7386,0,290,1715.7697428862732,31.40365200033557,19858.168043000205,109.51543460601137
1791235653,384,,Aggregated,65.400000,0.000000,320,1800,2600,3300,6300,7700,11000,13000,18000,22000,22000,7560,0,320,1844.2543232937842,31.40365200033557,21920.63657200015,109.21772486772487
1791235654,384,,Aggregated,65.400000,0.000000,320,1800,2600,3300,6300,7700,11000,13000,18000,22000,22000,7560,0,320,1844.2543232937842,31.40365200033557,21920.63657200015,109.21772486772487
1791235655,384,,Aggregated,65.400000,0.000000,320,1800,2600,3300,6300,7700,11000,13000,18000,22000,22000,7560,0,320,1844.2543232937842,31.40365200033557,21920.63657200015,109.21772486772487
1791235656,384,,Aggregated,63.000000,0.000000,350,1900,2700,3600,6400,7900,11000,14000,20000,23000,23000,7728,0,350,1958.482124074147,31.40365200033557,22966.158267000083,108.7876552795031
1791235657,384,,Aggregated,63.000000,0.000000,350,1900,2700,3600,6400,7900,11000,14000,20000,23000,23000,7728,0,350,1958.482124074147,31.40365200033557,22966.158267000083,108.7876552795031
1791235658,384,,Aggregated,63.000000,0.000000,350,1900,2700,3600,6400,7900,11000,14000,20000,23000,23000,7728,0,350,1958.482124074147,31.40365200033557,22966.158267000083,108.7876552795031
1791235659,384,,Aggregated,58.200000,0.000000,400,2100,2900,3900,6600,8000,12000,14000,23000,26000,26000,7896,0,400,2075.013641063071,31.40365200033557,25899.49169700003,108.46086626139818
1791235660,384,,Aggregated,58.200000,0.000000,400,2100,2900,3900,6600,8000,12000,14000,23000,26000,26000,7896,0,400,2075.013641063071,31.40365200033557,25899.49169700003,108.46086626139818
1791235661,384,,Aggregated,58.200000,0.000000,400,2100,2900,3900,6600,8000,12000,14000,23000,26000,26000,7896,0,400,2075.013641063071,31.40365200033557,25899.49169700003,108.46086626139818
1791235662,384,,Aggregated,57.000000,0.000000,560,2200,3200,4000,6700,8200,13000,15000,27000,29000,29000,8068,0,560,2202.9202526155195,31.40365200033557,28877.13956799962,108.45599900842836
1791235663,384,,Aggregated,57.000000,0.000000,560,2200,3200,4000,6700,8200,13000,15000,27000,29000,29000,8068,0,560,2202.9202526155195,31.40365200033557,28877.13956799962,108.45599900842836
1791235664,384,,Aggregated,57.000000,0.000000,560,2200,3200,4000,6700,8200,13000,15000,27000,29000,29000,8068,0,560,2202.9202526155195,31.40365200033557,28877.13956799962,108.45599900842836
1791235665,384,,Aggregated,57.000000,0.000000,630,2400,3600,4200,6900,9400,14000,17000,29000,32000,32000,8266,0,630,2373.6975476838875,31.40365200033557,31576.348430000053,109.34696346479555
1791235666,384,,Aggregated,57.000000,0.000000,630,2400,3600,4200,6900,9400,14000,17000,29000,32000,32000,8266,0,630,2373.6975476838875,31.40365200033557,31576.348430000053,109.34696346479555
1791235667,384,,Aggregated,57.000000,0.000000,630,2400,3600,4200,6900,9400,14000,17000,29000,32000,32000,8266,0,630,2373.6975476838875,31.40365200033557,31576.348430000053,109.34696346479555
1791235668,384,,Aggregated,59.200000,0.000000,660,2500,3800,4400,7000,10000,14000,17000,30000,33000,33000,8448,0,660,2495.019528628079,31.40365200033557,32837.33385100004,109.0836884469697
1791235669,384,,Aggregated,59.200000,0.000000,660,2500,3800,4400,7000,10000,14000,17000,30000,33000,33000,8448,0,660,2495.019528628079,31.40365200033557,32837.33385100004,109.0836884469697
1791235670,384,,Aggregated,59.200000,0.000000,660,2500,3800,4400,7000,10000,14000,17000,30000,33000,33000,8448,0,660,2495.019528628079,31.40365200033557,32837.33385100004,109.0836884469697
1791235671,384,,Aggregated,62.000000,0.000000,690,2600,4000,4500,7200,11000,14000,18000,32000,33000,33000,8640,0,690,2632.1263065629637,31.40365200033557,33049.80339500026,109.26030092592593
1791235672,384,,Aggregated,62.000000,0.000000,690,2600,4000,4500,7200,11000,14000,18000,32000,33000,33000,8640,0,690,2632.1263065629637,31.40365200033557,33049.80339500026,109.26030092592593
1791235673,384,,Aggregated,62.000000,0.000000,690,2600,4000,4500,7200,11000,14000,18000,32000,33000,33000,8640,0,690,2632.1263065629637,31.40365200033557,33049.80339500026,109.26030092592593
1791235674,384,,Aggregated,63.200000,0.000000,740,2700,4100,4600,7300,11000,15000,22000,33000,33000,33000,8818,0,740,2758.2392924520304,31.40365200033557,33112.76061399985,109.59911544567929
1791235675,384,,Aggregated,63.200000,0.000000,740,2700,4100,4600,7300,11000,15000,22000,33000,33000,33000,8818,0,740,2758.2392924520304,31.40365200033557,33112.76061399985,109.59911544567929
1791235676,384,,Aggregated,63.200000,0.000000,740,2700,4100,4600,7300,11000,15000,22000,33000,33000,33000,8818,0,740,2758.2392924520304,31.40365200033557,33112.76061399985,109.59911544567929
1791235677,384,,Aggregated,62.600000,0.000000,890,2900,4200,4600,7500,11000,15000,26000,33000,33000,33000,8996,0,890,2875.3287701442864,31.40365200033557,33112.76061399985,109.80324588706091
1791235678,384,,Aggregated,62.600000,0.000000,890,2900,4200,4600,7500,11000,15000,26000,33000,33000,33000,8996,0,890,2875.3287701442864,31.40365200033557,33112.76061399985,109.80324588706091
1791235679,384,,Aggregated,62.600000,0.000000,890,2900,4200,4600,7500,11000,15000,26000,33000,33000,33000,8996,0,890,2875.3287701442864,31.40365200033557,33112.76061399985,109.80324588706091
1791235680,384,,Aggregated,61.000000,0.000000,1000,3200,4200,4700,7600,12000,16000,27000,33000,33000,33000,9174,0,1000,2988.247851529867,31.40365200033557,33112.76061399985,109.93939393939394
1791235681,384,,Aggregated,61.000000,0.000000,1000,3200,4200,4700,7600,12000,16000,27000,33000,33000,33000,9174,0,1000,2988.247851529867,31.40365200033557,33112.76061399985,109.93939393939394
1791235682,384,,Aggregated,61.000000,0.000000,1000,3200,4200,4700,7600,12000,16000,27000,33000,33000,33000,9174,0,1000,2988.247851529867,31.40365200033557,33112.76061399985,109.93939393939394
1791235683,384,,Aggregated,58.200000,0.000000,1300,3500,4300,4700,7700,12000,16000,27000,33000,33000,33000,9348,0,1300,3082.24457604878,31.40365200033557,33112.76061399985,109.77203679931536
1791235684,384,,Aggregated,58.200000,0.000000,1300,3500,4300,4700,7700,12000,16000,27000,33000,33000,33000,9348,0,1300,3082.24457604878,31.40365200033557,33112.76061399985,109.77203679931536
1791235685,384,,Aggregated,58.200000,0.000000,1300,3500,4300,4700,7700,12000,16000,27000,33000,33000,33000,9348,0,1300,3082.24457604878,31.40365200033557,33112.76061399985,109.77203679931536
1791235686,384,,Aggregated,58.600000,0.000000,1500,3800,4400,4800,7800,13000,17000,28000,33000,34000,34000,9524,0,1500,3183.142063148781,31.40365200033557,33726.54820099979,109.82559848803024
1791235687,384,,Aggregated,58.600000,0.000000,1500,3800,4400,4800,7800,13000,17000,28000,33000,34000,34000,9524,0,1500,3183.142063148781,31.40365200033557,33726.54820099979,109.82559848803024
1791235688,384,,Aggregated,58.600000,0.000000,1500,3800,4400,4800,7800,13000,17000,28000,33000,34000,34000,9524,0,1500,3183.142063148781,31.40365200033557,33726.54820099979,109.82559848803024
1791235689,384,,Aggregated,59.200000,0.000000,1700,3900,4500,4900,7900,13000,18000,29000,33000,34000,34000,9700,0,1700,3284.892551337628,31.40365200033557,33726.54820099979,109.99721649484536
1791235690,384,,Aggregated,59.200000,0.000000,1700,3900,4500,4900,7900,13000,18000,29000,33000,34000,34000,9700,0,1700,3284.892551337628,31.40365200033557,33726.54820099979,109.99721649484536
1791235691,384,,Aggregated,59.200000,0.000000,1700,3900,4500,4900,7900,13000,18000,29000,33000,34000,34000,9700,0,1700,3284.892551337628,31.40365200033557,33726.54820099979,109.99721649484536
1791235692,384,,Aggregated,60.000000,0.000000,1700,4000,4500,4900,8000,13000,18000,29000,33000,34000,34000,9860,0,1700,3365.205766065821,31.40365200033557,33726.54820099979,109.90963488843813
1791235693,384,,Aggregated,60.000000,0.000000,1700,4000,4500,4900,8000,13000,18000,29000,33000,34000,34000,9860,0,1700,3365.205766065821,31.40365200033557,33726.54820099979,109.90963488843813
1791235694,384,,Aggregated,60.000000,0.000000,1700,4000,4500,4900,8000,13000,18000,29000,33000,34000,34000,9860,0,1700,3365.205766065821,31.40365200033557,33726.54820099979,109.90963488843813
1791235695,384,,Aggregated,57.400000,0.000000,1800,4100,4600,5100,8200,13000,18000,29000,33000,33000,34000,10036,0,1800,3472.253511273515,31.40365200033557,33726.54820099979,110.37793941809485
1791235696,384,,Aggregated,57.400000,0.000000,1800,4100,4600,5100,8200,13000,18000,29000,33000,33000,34000,10036,0,1800,3472.253511273515,31.40365200033557,33726.54820099979,110.37793941809485
1791235697,384,,Aggregated,57.400000,0.000000,1800,4100,4600,5100,8200,13000,18000,29000,33000,33000,34000,10036,0,1800,3472.253511273515,31.40365200033557,33726.54820099979,110.37793941809485
1791235698,384,,Aggregated,57.000000,0.000000,1900,4100,4600,5200,8600,14000,19000,29000,33000,33000,34000,10214,0,1900,3564.2541598981784,31.40365200033557,33726.54820099979,110.48717446641864
1791235699,384,,Aggregated,57.000000,0.000000,1900,4100,4600,5200,8600,14000,19000,29000,33000,33000,34000,10214,0,1900,3564.2541598981784,31.40365200033557,33726.54820099979,110.48717446641864
1791235700,384,,Aggregated,57.000000,0.000000,1900,4100,4600,5200,8600,14000,19000,29000,33000,33000,34000,10214,0,1900,3564.2541598981784,31.40365200033557,33726.54820099979,110.48717446641864
1791235701,384,,Aggregated,57.000000,0.000000,2000,4200,4600,5300,9300,14000,22000,30000,33000,33000,34000,10396,0,2000,3647.1251095133707,31.40365200033557,33726.54820099979,110.38418622547134
1791235702,384,,Aggregated,57.000000,0.000000,2000,4200,4600,5300,9300,14000,22000,30000,33000,33000,34000,10396,0,2000,3647.1251095133707,31.40365200033557,33726.54820099979,110.38418622547134
1791235703,384,,Aggregated,57.000000,0.000000,2000,4200,4600,5300,9300,14000,22000,30000,33000,33000,34000,10396,0,2000,3647.1251095133707,31.40365200033557,33726.54820099979,110.38418622547134
1791235704,384,,Aggregated,58.400000,0.000000,2100,4200,4700,5500,9900,14000,25000,30000,33000,33000,34000,10576,0,2100,3742.582007214164,31.40365200033557,33726.54820099979,110.66017397881997
1791235705,384,,Aggregated,58.400000,0.000000,2100,4200,4700,5500,9900,14000,25000,30000,33000,33000,34000,10576,0,2100,3742.582007214164,31.40365200033557,33726.54820099979,110.66017397881997
1791235706,384,,Aggregated,58.400000,0.000000,2100,4200,4700,5500,9900,14000,25000,30000,33000,33000,34000,10576,0,2100,3742.582007214164,31.40365200033557,33726.54820099979,110.66017397881997
1791235707,384,,Aggregated,60.600000,0.000000,2300,4300,4700,5600,10000,14000,26000,31000,33000,33000,34000,10762,0,2300,3831.723930079446,31.40365200033557,33726.54820099979,110.85708976026761
1791235708,384,,Aggregated,60.600000,0.000000,2300,4300,4700,5600,10000,14000,26000,31000,33000,33000,34000,10762,0,2300,3831.723930079446,31.40365200033557,33726.54820099979,110.85708976026761
1791235709,384,,Aggregated,60.600000,0.000000,2300,4300,4700,5600,10000,14000,26000,31000,33000,33000,34000,10762,0,2300,3831.723930079446,31.40365200033557,33726.54820099979,110.85708976026761
1791235710,384,,Aggregated,61.400000,0.000000,2400,4300,4700,5800,10000,14000,27000,31000,33000,33000,34000,10968,0,2400,3911.918238488147,31.40365200033557,33726.54820099979,110.652352297593
1791235711,384,,Aggregated,61.400000,0.000000,2400,4300,4700,5800,10000,14000,27000,31000,33000,33000,34000,10968,0,2400,3911.918238488147,31.40365200033557,33726.54820099979,110.652352297593
1791235712,384,,Aggregated,61.400000,0.000000,2400,4300,4700,5800,10000,14000,27000,31000,33000,33000,34000,10968,0,2400,3911.918238488147,31.40365200033557,33726.54820099979,110.652352297593
1791235713,384,,Aggregated,63.800000,0.000000,2500,4300,4800,6000,10000,14000,27000,31000,33000,33000,34000,11164,0,2500,3998.9916841719814,31.40365200033557,33726.54820099979,110.8923324973128
1791235714,384,,Aggregated,63.800000,0.000000,2500,4300,4800,6000,10000,14000,27000,31000,33000,33000,34000,11164,0,2500,3998.9916841719814,31.40365200033557,33726.54820099979,110.8923324973128
1791235715,384,,Aggregated,63.800000,0.000000,2500,4300,4800,6000,10000,14000,27000,31000,33000,33000,34000,11164,0,2500,3998.9916841719814,31.40365200033557,33726.54820099979,110.8923324973128
1791235716,384,,Aggregated,64.600000,0.000000,2600,4300,4800,6100,11000,14000,28000,31000,33000,33000,34000,11356,0,2600,4063.916430599595,31.40365200033557,33726.54820099979,110.698045086298
1791235717,384,,Aggregated,64.600000,0.000000,2600,4300,4800,6100,11000,14000,28000,31000,33000,33000,34000,11356,0,2600,4063.916430599595,31.40365200033557,33726.54820099979,110.698045086298
1791235718,384,,Aggregated,64.600000,0.000000,2600,4300,4800,6100,11000,14000,28000,31000,33000,33000,34000,11356,0,2600,4063.916430599595,31.40365200033557,33726.54820099979,110.698045086298
1791235719,384,,Aggregated,64.800000,0.000000,2700,4300,4800,6100,11000,14000,28000,31000,33000,34000,34000,11526,0,2700,4118.5299764357105,31.40365200033557,33726.54820099979,110.50789519347562
1791235720,384,,Aggregated,64.800000,0.000000,2700,4300,4800,6100,11000,14000,28000,31000,33000,34000,34000,11526,0,2700,4118.5299764357105,31.40365200033557,33726.54820099979,110.50789519347562
1791235721,384,,Aggregated,64.800000,0.000000,2700,4300,4800,6100,11000,14000,28000,31000,33000,34000,34000,11526,0,2700,4118.5299764357105,31.40365200033557,33726.54820099979,110.50789519347562
1791235722,384,,Aggregated,61.000000,0.000000,2800,4400,4900,6200,11000,14000,28000,31000,33000,34000,34000,11704,0,2800,4181.659122062373,31.40365200033557,33743.51024599992,110.492993848257
1791235723,384,,Aggregated,61.000000,0.000000,2800,4400,4900,6200,11000,14000,28000,31000,33000,34000,34000,11704,0,2800,4181.659122062373,31.40365200033557,33743.51024599992,110.492993848257
1791235724,384,,Aggregated,61.000000,0.000000,2800,4400,4900,6200,11000,14000,28000,31000,33000,34000,34000,11704,0,2800,4181.659122062373,31.40365200033557,33743.51024599992,110.492993848257
1791235725,384,,Aggregated,60.000000,0.000000,2900,4400,4900,6300,11000,14000,28000,32000,33000,34000,34000,11874,0,2900,4256.511894982063,31.40365200033557,33743.51024599992,110.90340239178036
1791235726,384,,Aggregated,60.000000,0.000000,2900,4400,4900,6300,11000,14000,28000,32000,33000,34000,34000,11874,0,2900,4256.511894982063,31.40365200033557,33743.51024599992,110.90340239178036
1791235727,384,,Aggregated,60.000000,0.000000,2900,4400,4900,6300,11000,14000,28000,32000,33000,34000,34000,11874,0,2900,4256.511894982063,31.40365200033557,33743.51024599992,110.90340239178036
1791235728,384,,Aggregated,57.000000,0.000000,3100,4400,4900,6400,11000,15000,29000,32000,33000,34000,34000,12072,0,3100,4321.127716045228,31.40365200033557,33743.51024599992,110.79605699138503
1791235729,384,,Aggregated,57.000000,0.000000,3100,4400,4900,6400,11000,15000,29000,32000,33000,34000,34000,12072,0,3100,4321.127716045228,31.40365200033557,33743.51024599992,110.79605699138503
1791235730,384,,Aggregated,57.000000,0.000000,3100,4400,4900,6400,11000,15000,29000,32000,33000,34000,34000,12072,0,3100,4321.127716045228,31.40365200033557,33743.51024599992,110.79605699138503
1791235731,384,,Aggregated,59.200000,0.000000,3400,4400,4900,6400,11000,15000,29000,32000,33000,34000,34000,12254,0,3400,4380.496600864453,31.40365200033557,33743.51024599992,110.72702790925412
1791235732,384,,Aggregated,59.200000,0.000000,3400,4400,4900,6400,11000,15000,29000,32000,33000,34000,34000,12254,0,3400,4380.496600864453,31.40365200033557,33743.51024599992,110.72702790925412
1791235733,384,,Aggregated,59.200000,0.000000,3400,4400,4900,6400,11000,15000,29000,32000,33000,34000,34000,12254,0,3400,4380.496600864453,31.40365200033557,33743.51024599992,110.72702790925412
1791235734,384,,Aggregated,61.200000,0.000000,3600,4500,5000,6500,11000,15000,29000,32000,33000,34000,34000,12414,0,3600,4434.919588945547,31.40365200033557,33743.51024599992,110.76534557757371
1791235735,384,,Aggregated,61.200000,0.000000,3600,4500,5000,6500,11000,15000,29000,32000,33000,34000,34000,12414,0,3600,4434.919588945547,31.40365200033557,33743.51024599992,110.76534557757371
1791235736,384,,Aggregated,61.200000,0.000000,3600,4500,5000,6500,11000,15000,29000,32000,33000,34000,34000,12414,0,3600,4434.919588945547,31.40365200033557,33743.51024599992,110.76534557757371
1791235737,384,,Aggregated,59.400000,0.000000,3800,4500,5000,6500,12000,15000,29000,32000,33000,34000,34000,12594,0,3800,4495.871206881294,31.40365200033557,33743.51024599992,110.87216134667302
1791235738,384,,Aggregated,59.400000,0.000000,3800,4500,5000,6500,12000,15000,29000,32000,33000,34000,34000,12594,0,3800,4495.871206881294,31.40365200033557,33743.51024599992,110.87216134667302
1791235739,384,,Aggregated,59.400000,0.000000,3800,4500,5000,6500,12000,15000,29000,32000,33000,34000,34000,12594,0,3800,4495.871206881294,31.40365200033557,33743.51024599992,110.87216134667302
1791235740,384,,Aggregated,58.400000,0.000000,3900,4500,5100,6600,12000,15000,29000,32000,33000,34000,34000,12774,0,3900,4556.264129216378,31.40365200033557,33743.51024599992,111.0421167997495
1791235741,384,,Aggregated,58.400000,0.000000,3900,4500,5100,6600,12000,15000,29000,32000,33000,34000,34000,12774,0,3900,4556.264129216378,31.40365200033557,33743.51024599992,111.0421167997495
1791235742,384,,Aggregated,58.400000,0.000000,3900,4500,5100,6600,12000,15000,29000,32000,33000,34000,34000,12774,0,3900,4556.264129216378,31.40365200033557,33743.51024599992,111.0421167997495
1791235743,384,,Aggregated,57.800000,0.000000,3900,4500,5200,6600,12000,15000,29000,32000,33000,34000,34000,12942,0,3900,4612.1680032273225,31.40365200033557,33743.51024599992,111.18536547674239
1791235744,384,,Aggregated,57.800000,0.000000,3900,4500,5200,6600,12000,15000,29000,32000,33000,34000,34000,12942,0,3900,4612.1680032273225,31.40365200033557,33743.51024599992,111.18536547674239
1791235745,384,,Aggregated,57.800000,0.000000,3900,4500,5200,6600,12000,15000,29000,32000,33000,34000,34000,12942,0,3900,4612.1680032273225,31.40365200033557,33743.51024599992,111.18536547674239
1791235746,384,,Aggregated,59.000000,0.000000,3900,4500,5300,6600,12000,15000,29000,32000,33000,34000,34000,13098,0,3900,4654.601697140708,31.40365200033557,33743.51024599992,111.05894029622843
1791235747,384,,Aggregated,59.000000,0.000000,3900,4500,5300,6600,12000,15000,29000,32000,33000,34000,34000,13098,0,3900,4654.601697140708,31.40365200033557,33743.51024599992,111.05894029622843
1791235748,384,,Aggregated,59.000000,0.000000,3900,4500,5300,6600,12000,15000,29000,32000,33000,34000,34000,13098,0,3900,4654.601697140708,31.40365200033557,33743.51024599992,111.05894029622843
1791235749,384,,Aggregated,55.800000,0.000000,4000,4600,5300,6700,12000,15000,29000,32000,33000,34000,34000,13260,0,4000,4695.1920492168165,31.40365200033557,33743.51024599992,110.81885369532428
1791235750,384,,Aggregated,55.800000,0.000000,4000,4600,5300,6700,12000,15000,29000,32000,33000,34000,34000,13260,0,4000,4695.1920492168165,31.40365200033557,33743.51024599992,110.81885369532428
1791235751,384,,Aggregated,55.800000,0.000000,4000,4600,5300,6700,12000,15000,29000,32000,33000,34000,34000,13260,0,4000,4695.1920492168165,31.40365200033557,33743.51024599992,110.81885369532428
1791235752,384,,Aggregated,55.000000,0.000000,4000,4600,5400,6700,12000,15000,29000,32000,33000,34000,34000,13450,0,4000,4762.495671797323,31.40365200033557,33743.51024599992,111.07092936802974
1791235753,384,,Aggregated,55.000000,0.000000,4000,4600,5400,6700,12000,15000,29000,32000,33000,34000,34000,13450,0,4000,4762.495671797323,31.40365200033557,33743.51024599992,111.07092936802974
1791235754,384,,Aggregated,55.000000,0.000000,4000,4600,5400,6700,12000,15000,29000,32000,33000,34000,34000,13450,0,4000,4762.495671797323,31.40365200033557,33743.51024599992,111.07092936802974
1791235755,384,,Aggregated,56.800000,0.000000,4000,4600,5400,6700,12000,15000,29000,32000,33000,34000,34000,13632,0,4000,4818.599586791299,31.40365200033557,33743.51024599992,111.15221537558685
1791235756,384,,Aggregated,56.800000,0.000000,4000,4600,5400,6700,12000,15000,29000,32000,33000,34000,34000,13632,0,4000,4818.599586791299,31.40365200033557,33743.51024599992,111.15221537558685
1791235757,384,,Aggregated,56.800000,0.000000,4000,4600,5400,6700,12000,15000,29000,32000,33000,34000,34000,13632,0,4000,4818.599586791299,31.40365200033557,33743.51024599992,111.15221537558685
1791235758,384,,Aggregated,59.400000,0.000000,4100,4600,5500,6800,12000,15000,29000,32000,33000,34000,34000,13852,0,4100,4878.192693388245,31.40365200033557,33743.51024599992,111.1497256713832
1791235759,384,,Aggregated,59.400000,0.000000,4100,4600,5500,6800,12000,15000,29000,32000,33000,34000,34000,13852,0,4100,4878.192693388245,31.40365200033557,33743.51024599992,111.1497256713832
1791235760,384,,Aggregated,59.400000,0.000000,4100,4600,5500,6800,12000,15000,29000,32000,33000,34000,34000,13852,0,4100,4878.192693388245,31.40365200033557,33743.51024599992,111.1497256713832
1791235761,384,,Aggregated,64.800000,0.000000,4100,4600,5500,6800,13000,16000,30000,32000,33000,34000,34000,14032,0,4100,4927.921896710658,31.40365200033557,33743.51024599992,111.24793329532497
1791235762,384,,Aggregated,64.800000,0.000000,4100,4600,5500,6800,13000,16000,30000,32000,33000,34000,34000,14032,0,4100,4927.921896710658,31.40365200033557,33743.51024599992,111.24793329532497
1791235763,384,,Aggregated,64.800000,0.000000,4100,4600,5500,6800,13000,16000,30000,32000,33000,34000,34000,14032,0,4100,4927.921896710658,31.40365200033557,33743.51024599992,111.24793329532497
1791235764,384,,Aggregated,65.200000,0.000000,4100,4600,5600,6900,13000,16000,30000,32000,33000,34000,34000,14204,0,4100,4983.935459814345,31.40365200033557,33743.51024599992,111.64115742044494
1791235765,384,,Aggregated,65.200000,0.000000,4100,4600,5600,6900,13000,16000,30000,32000,33000,34000,34000,14204,0,4100,4983.935459814345,31.40365200033557,33743.51024599992,111.64115742044494
1791235766,384,,Aggregated,65.200000,0.000000,4100,4600,5600,6900,13000,16000,30000,32000,33000,34000,34000,14204,0,4100,4983.935459814345,31.40365200033557,33743.51024599992,111.64115742044494
1791235767,384,,Aggregated,63.600000,0.000000,4100,4600,5700,6900,13000,16000,30000,32000,33000,34000,34000,14398,0,4100,5027.135031311778,31.40365200033557,33743.51024599992,111.6106403667176
1791235768,384,,Aggregated,63.600000,0.000000,4100,4600,5700,6900,13000,16000,30000,32000,33000,34000,34000,14398,0,4100,5027.135031311778,31.40365200033557,33743.51024599992,111.6106403667176
1791235769,384,,Aggregated,63.600000,0.000000,4100,4600,5700,6900,13000,16000,30000,32000,33000,34000,34000,14398,0,4100,5027.135031311778,31.40365200033557,33743.51024599992,111.6106403667176
1791235770,384,,Aggregated,61.200000,0.000000,4100,4600,5700,6900,13000,16000,30000,32000,33000,34000,34000,14572,0,4100,5062.945258258783,31.40365200033557,33743.51024599992,111.57624210815263
1791235771,384,,Aggregated,61.200000,0.000000,4100,4600,5700,6900,13000,16000,30000,32000,33000,34000,34000,14572,0,4100,5062.945258258783,31.40365200033557,33743.51024599992,111.57624210815263
1791235772,384,,Aggregated,61.200000,0.000000,4100,4600,5700,6900,13000,16000,30000,32000,33000,34000,34000,14572,0,4100,5062.945258258783,31.40365200033557,33743.51024599992,111.57624210815263
1791235773,384,,Aggregated,59.800000,0.000000,4100,4600,5800,7000,13000,16000,30000,32000,33000,34000,34000,14728,0,4100,5094.723781001968,31.40365200033557,33743.51024599992,111.4975556762629
1791235774,384,,Aggregated,59.800000,0.000000,4100,4600,5800,7000,13000,16000,30000,32000,33000,34000,34000,14728,0,4100,5094.723781001968,31.40365200033557,33743.51024599992,111.4975556762629
1791235775,384,,Aggregated,59.800000,0.000000,4100,4600,5800,7000,13000,16000,30000,32000,33000,34000,34000,14728,0,4100,5094.723781001968,31.40365200033557,33743.51024599992,111.4975556762629
1791235776,384,,Aggregated,58.200000,0.000000,4200,4700,5900,7000,13000,16000,30000,32000,33000,34000,34000,14920,0,4200,5138.4207285034845,31.40365200033557,33743.51024599992,111.5058981233244
1791235777,384,,Aggregated,58.200000,0.000000,4200,4700,5900,7000,13000,16000,30000,32000,33000,34000,34000,14920,0,4200,5138.4207285034845,31.40365200033557,33743.51024599992,111.5058981233244
1791235778,384,,Aggregated,58.200000,0.000000,4200,4700,5900,7000,13000,16000,30000,32000,33000,34000,34000,14920,0,4200,5138.4207285034845,31.40365200033557,33743.51024599992,111.5058981233244
1791235779,384,,Aggregated,57.600000,0.000000,4200,4700,5900,7000,13000,16000,30000,32000,33000,34000,34000,15080,0,4200,5174.406859196352,31.40365200033557,33743.51024599992,111.55623342175066
1791235780,384,,Aggregated,57.600000,0.000000,4200,4700,5900,7000,13000,16000,30000,32000,33000,34000,34000,15080,0,4200,5174.406859196352,31.40365200033557,33743.51024599992,111.55623342175066
1791235781,384,,Aggregated,57.600000,0.000000,4200,4700,5900,7000,13000,16000,30000,32000,33000,34000,34000,15080,0,4200,5174.406859196352,31.40365200033557,33743.51024599992,111.55623342175066
1791235782,384,,Aggregated,56.400000,0.000000,4200,4700,6000,7100,13000,16000,30000,32000,33000,34000,34000,15246,0,4200,5209.493686237504,31.40365200033557,33743.51024599992,111.53751803751804
1791235783,384,,Aggregated,56.400000,0.000000,4200,4700,6000,7100,13000,16000,30000,32000,33000,34000,34000,15246,0,4200,5209.493686237504,31.40365200033557,33743.51024599992,111.53751803751804
1791235784,384,,Aggregated,56.400000,0.000000,4200,4700,6000,7100,13000,16000,30000,32000,33000,34000,34000,15246,0,4200,5209.493686237504,31.40365200033557,33743.51024599992,111.53751803751804
1791235785,384,,Aggregated,58.400000,0.000000,4200,4700,6100,7100,13000,17000,30000,32000,33000,34000,34000,15462,0,4200,5271.05962238656,31.40365200033557,33743.51024599992,111.96294140473418
1791235786,384,,Aggregated,58.400000,0.000000,4200,4700,6100,7100,13000,17000,30000,32000,33000,34000,34000,15462,0,4200,5271.05962238656,31.40365200033557,33743.51024599992,111.96294140473418
1791235787,384,,Aggregated,58.400000,0.000000,4200,4700,6100,7100,13000,17000,30000,32000,33000,34000,34000,15462,0,4200,5271.05962238656,31.40365200033557,33743.51024599992,111.96294140473418
1791235788,384,,Aggregated,60.800000,0.000000,4200,4700,6100,7100,13000,17000,30000,32000,33000,34000,34000,15758,0,4200,5274.676163082433,31.40365200033557,33743.51024599992,111.52106866353598
1791235789,384,,Aggregated,60.800000,0.000000,4200,4700,6100,7100,13000,17000,30000,32000,33000,34000,34000,15758,0,4200,5274.676163082433,31.40365200033557,33743.51024599992,111.52106866353598
1791235790,384,,Aggregated,60.800000,0.000000,4200,4700,6100,7100,13000,17000,30000,32000,33000,34000,34000,15758,0,4200,5274.676163082433,31.40365200033557,33743.51024599992,111.52106866353598
1791235791,384,,Aggregated,74.200000,0.000000,4200,4700,6000,7100,13000,17000,30000,32000,33000,34000,34000,16114,0,4200,5281.442052283851,31.40365200033557,33743.51024599992,111.16203301476976
1791235792,384,,Aggregated,74.200000,0.000000,4200,4700,6000,7100,13000,17000,30000,32000,33000,34000,34000,16114,0,4200,5281.442052283851,31.40365200033557,33743.51024599992,111.16203301476976
1791235793,384,,Aggregated,74.200000,0.000000,4200,4700,6000,7100,13000,17000,30000,32000,33000,34000,34000,16114,0,4200,5281.442052283851,31.40365200033557,33743.51024599992,111.16203301476976
1791235794,384,,Aggregated,95.800000,0.000000,4200,4700,6000,7100,13000,17000,30000,32000,33000,34000,34000,16504,0,4200,5264.966606128816,31.40365200033557,33743.51024599992,110.9994546776539
1791235795,384,,Aggregated,95.800000,0.000000,4200,4700,6000,7100,13000,17000,30000,32000,33000,34000,34000,16504,0,4200,5264.966606128816,31.40365200033557,33743.51024599992,110.9994546776539
1791235796,384,,Aggregated,95.800000,0.000000,4200,4700,6000,7100,13000,17000,30000,32000,33000,34000,34000,16504,0,4200,5264.966606128816,31.40365200033557,33743.51024599992,110.9994546776539
1791235797,384,,Aggregated,113.400000,0.000000,4200,4700,6000,7100,13000,17000,30000,32000,33000,34000,34000,16892,0,4200,5221.498664993428,31.40365200033557,33743.51024599992,110.70269950272318
1791235798,384,,Aggregated,113.400000,0.000000,4200,4700,6000,7100,13000,17000,30000,32000,33000,34000,34000,16892,0,4200,5221.498664993428,31.40365200033557,33743.51024599992,110.70269950272318
1791235799,384,,Aggregated,113.400000,0.000000,4200,4700,6000,7100,13000,17000,30000,32000,33000,34000,34000,16892,0,4200,5221.498664993428,31.40365200033557,33743.51024599992,110.70269950272318
1791235800,384,,Aggregated,125.600000,0.000000,4200,4700,5900,7000,13000,17000,30000,32000,33000,34000,34000,17288,0,4200,5183.791885687008,31.40365200033557,33743.51024599992,110.73449791763073
1791235801,384,,Aggregated,125.600000,0.000000,4200,4700,5900,7000,13000,17000,30000,32000,33000,34000,34000,17288,0,4200,5183.791885687008,31.40365200033557,33743.51024599992,110.73449791763073
1791235802,384,,Aggregated,125.600000,0.000000,4200,4700,5900,7000,13000,17000,30000,32000,33000,34000,34000,17288,0,4200,5183.791885687008,31.40365200033557,33743.51024599992,110.73449791763073
1791235803,384,,Aggregated,128.200000,0.000000,4200,4700,5800,7000,13000,17000,30000,32000,33000,34000,34000,17732,0,4200,5135.31364229912,31.40365200033557,33743.51024599992,110.66935483870968
1791235804,384,,Aggregated,128.200000,0.000000,4200,4700,5800,7000,13000,17000,30000,32000,33000,34000,34000,17732,0,4200,5135.31364229912,31.40365200033557,33743.51024599992,110.66935483870968
1791235805,384,,Aggregated,128.200000,0.000000,4200,4700,5800,7000,13000,17000,30000,32000,33000,34000,34000,17732,0,4200,5135.31364229912,31.40365200033557,33743.51024599992,110.66935483870968
1791235806,384,,Aggregated,133.800000,0.000000,4100,4700,5800,6900,13000,17000,30000,32000,33000,34000,34000,18138,0,4100,5098.439841662641,31.40365200033557,33743.51024599992,110.91073988311831
1791235807,384,,Aggregated,133.800000,0.000000,4100,4700,5800,6900,13000,17000,30000,32000,33000,34000,34000,18138,0,4100,5098.439841662641,31.40365200033557,33743.51024599992,110.91073988311831
1791235808,384,,Aggregated,133.800000,0.000000,4100,4700,5800,6900,13000,17000,30000,32000,33000,34000,34000,18138,0,4100,5098.439841662641,31.40365200033557,33743.51024599992,110.91073988311831
1791235809,384,,Aggregated,139.200000,0.000000,4100,4600,5800,6900,13000,17000,30000,32000,33000,34000,34000,18620,0,4100,5044.562763596133,31.40365200033557,33743.51024599992,110.94769065520946
1791235810,384,,Aggregated,139.200000,0.000000,4100,4600,5800,6900,13000,17000,30000,32000,33000,34000,34000,18620,0,4100,5044.562763596133,31.40365200033557,33743.51024599992,110.94769065520946
1791235811,384,,Aggregated,139.200000,0.000000,4100,4600,5800,6900,13000,17000,30000,32000,33000,34000,34000,18620,0,4100,5044.562763596133,31.40365200033557,33743.51024599992,110.94769065520946
1791235812,384,,Aggregated,146.800000,0.000000,4100,4600,5700,6800,13000,17000,29000,32000,33000,34000,34000,19028,0,4100,4992.465130462476,31.40365200033557,33743.51024599992,110.74421904561699
1791235813,384,,Aggregated,146.800000,0.000000,4100,4600,5700,6800,13000,17000,29000,32000,33000,34000,34000,19028,0,4100,4992.465130462476,31.40365200033557,33743.51024599992,110.74421904561699
1791235814,384,,Aggregated,146.800000,0.000000,4100,4600,5700,6800,13000,17000,29000,32000,33000,34000,34000,19028,0,4100,4992.465130462476,31.40365200033557,33743.51024599992,110.74421904561699
1791235815,384,,Aggregated,142.000000,0.000000,4100,4600,5700,6800,13000,17000,29000,32000,33000,34000,34000,19386,0,4100,4956.014261708655,31.40365200033557,33743.51024599992,110.86041473228103
1791235816,384,,Aggregated,142.000000,0.000000,4100,4600,5700,6800,13000,17000,29000,32000,33000,34000,34000,19386,0,4100,4956.014261708655,31.40365200033557,33743.51024599992,110.86041473228103
1791235817,384,,Aggregated,142.000000,0.000000,4100,4600,5700,6800,13000,17000,29000,32000,33000,34000,34000,19386,0,4100,4956.014261708655,31.40365200033557,33743.51024599992,110.86041473228103
1791235818,384,,Aggregated,138.000000,0.000000,4100,4600,5600,6800,13000,17000,29000,32000,33000,34000,34000,19786,0,4100,4907.144118239309,31.40365200033557,33743.51024599992,110.60921863944203
1791235819,384,,Aggregated,138.000000,0.000000,4100,4600,5600,6800,13000,17000,29000,32000,33000,34000,34000,19786,0,4100,4907.144118239309,31.40365200033557,33743.51024599992,110.60921863944203
1791235820,384,,Aggregated,138.000000,0.000000,4100,4600,5600,6800,13000,17000,29000,32000,33000,34000,34000,19786,0,4100,4907.144118239309,31.40365200033557,33743.51024599992,110.60921863944203
1791235821,384,,Aggregated,131.600000,0.000000,4100,4600,5600,6800,13000,17000,29000,32000,33000,34000,34000,20176,0,4100,4869.623007278003,31.40365200033557,33743.51024599992,110.70568992862808
1791235822,384,,Aggregated,131.600000,0.000000,4100,4600,5600,6800,13000,17000,29000,32000,33000,34000,34000,20176,0,4100,4869.623007278003,31.40365200033557,33743.51024599992,110.70568992862808
1791235823,384,,Aggregated,131.600000,0.000000,4100,4600,5600,6800,13000,17000,29000,32000,33000,34000,34000,20176,0,4100,4869.623007278003,31.40365200033557,33743.51024599992,110.70568992862808
1791235824,384,,Aggregated,128.000000,0.000000,4000,4600,5600,6700,13000,17000,29000,32000,33000,34000,34000,20610,0,4000,4827.410890794516,31.40365200033557,33743.51024599992,110.72707423580786
1791235825,384,,Aggregated,128.000000,0.000000,4000,4600,5600,6700,13000,17000,29000,32000,33000,34000,34000,20610,0,4000,4827.410890794516,31.40365200033557,33743.51024599992,110.72707423580786
1791235826,384,,Aggregated,128.000000,0.000000,4000,4600,5600,6700,13000,17000,29000,32000,33000,34000,34000,20610,0,4000,4827.410890794516,31.40365200033557,33743.51024599992,110.72707423580786
1791235827,384,,Aggregated,135.400000,0.000000,4000,4600,5500,6700,13000,17000,29000,32000,33000,34000,34000,21022,0,4000,4789.904565717389,31.40365200033557,33743.51024599992,110.73836932737133
1791235828,384,,Aggregated,135.400000,0.000000,4000,4600,5500,6700,13000,17000,29000,32000,33000,34000,34000,21022,0,4000,4789.904565717389,31.40365200033557,33743.51024599992,110.73836932737133
1791235829,384,,Aggregated,135.400000,0.000000,4000,4600,5500,6700,13000,17000,29000,32000,33000,34000,34000,21022,0,4000,4789.904565717389,31.40365200033557,33743.51024599992,110.73836932737133
1791235830,384,,Aggregated,135.200000,0.000000,4000,4600,5500,6700,13000,17000,29000,32000,33000,34000,34000,21420,0,4000,4757.035801923902,31.40365200033557,33743.51024599992,110.82488328664799
1791235831,384,,Aggregated,135.200000,0.000000,4000,4600,5500,6700,13000,17000,29000,32000,33000,34000,34000,21420,0,4000,4757.035801923902,31.40365200033557,33743.51024599992,110.82488328664799
1791235832,384,,Aggregated,135.200000,0.000000,4000,4600,5500,6700,13000,17000,29000,32000,33000,34000,34000,21420,0,4000,4757.035801923902,31.40365200033557,33743.51024599992,110.82488328664799
1791235833,384,,Aggregated,138.800000,0.000000,4000,4600,5500,6700,13000,17000,29000,32000,33000,34000,34000,21832,0,4000,4724.794157786459,31.40365200033557,33743.51024599992,110.93376694759985
1791235834,384,,Aggregated,138.800000,0.000000,4000,4600,5500,6700,13000,17000,29000,32000,33000,34000,34000,21832,0,4000,4724.794157786459,31.40365200033557,33743.51024599992,110.93376694759985
1791235835,384,,Aggregated,138.800000,0.000000,4000,4600,5500,6700,13000,17000,29000,32000,33000,34000,34000,21832,0,4000,4724.794157786459,31.40365200033557,33743.51024599992,110.93376694759985
1791235836,384,,Aggregated,137.200000,0.000000,3900,4600,5500,6700,12000,17000,29000,32000,33000,34000,34000,22196,0,3900,4692.783508596007,31.40365200033557,33743.51024599992,110.8452423860155
1791235837,384,,Aggregated,137.200000,0.000000,3900,4600,5500,6700,12000,17000,29000,32000,33000,34000,34000,22196,0,3900,4692.783508596007,31.40365200033557,33743.51024599992,110.8452423860155
1791235838,384,,Aggregated,137.200000,0.000000,3900,4600,5500,6700,12000,17000,29000,32000,33000,34000,34000,22196,0,3900,4692.783508596007,31.40365200033557,33743.51024599992,110.8452423860155
1791235839,384,,Aggregated,133.200000,0.000000,3900,4600,5400,6700,12000,17000,29000,32000,33000,34000,34000,22652,0,3900,4651.355423204881,31.40365200033557,33743.51024599992,110.64855200423804
1791235840,384,,Aggregated,133.200000,0.000000,3900,4600,5400,6700,12000,17000,29000,32000,33000,34000,34000,22652,0,3900,4651.355423204881,31.40365200033557,33743.51024599992,110.64855200423804
1791235841,384,,Aggregated,133.200000,0.000000,3900,4600,5400,6700,12000,17000,29000,32000,33000,34000,34000,22652,0,3900,4651.355423204881,31.40365200033557,33743.51024599992,110.64855200423804
1791235842,384,,Aggregated,135.600000,0.000000,3900,4600,5400,6600,12000,17000,29000,32000,33000,34000,34000,23010,0,3900,4625.697831691699,31.40365200033557,33743.51024599992,110.76318991742721
1791235843,384,,Aggregated,135.600000,0.000000,3900,4600,5400,6600,12000,17000,29000,32000,33000,34000,34000,23010,0,3900,4625.697831691699,31.40365200033557,33743.51024599992,110.76318991742721
1791235844,384,,Aggregated,135.600000,0.000000,3900,4600,5400,6600,12000,17000,29000,32000,33000,34000,34000,23010,0,3900,4625.697831691699,31.40365200033557,33743.51024599992,110.76318991742721
1791235845,384,,Aggregated,134.600000,0.000000,3800,4600,5400,6600,12000,17000,29000,32000,33000,34000,34000,23436,0,3800,4600.813115831968,31.40365200033557,33743.51024599992,111.0847414234511
1791235846,384,,Aggregated,134.600000,0.000000,3800,4600,5400,6600,12000,17000,29000,32000,33000,34000,34000,23436,0,3800,4600.813115831968,31.40365200033557,33743.51024599992,111.0847414234511
1791235847,384,,Aggregated,134.600000,0.000000,3800,4600,5400,6600,12000,17000,29000,32000,33000,34000,34000,23436,0,3800,4600.813115831968,31.40365200033557,33743.51024599992,111.0847414234511
1791235848,384,,Aggregated,137.800000,0.000000,3800,4600,5400,6600,12000,17000,28000,32000,33000,34000,34000,23814,0,3800,4575.135631914085,31.40365200033557,33743.51024599992,111.16687662719409
1791235849,384,,Aggregated,137.800000,0.000000,3800,4600,5400,6600,12000,17000,28000,32000,33000,34000,34000,23814,0,3800,4575.135631914085,31.40365200033557,33743.51024599992,111.16687662719409
1791235850,384,,Aggregated,137.800000,0.000000,3800,4600,5400,6600,12000,17000,28000,32000,33000,34000,34000,23814,0,3800,4575.135631914085,31.40365200033557,33743.51024599992,111.16687662719409
1791235851,384,,Aggregated,128.800000,0.000000,3700,4500,5400,6600,12000,17000,28000,32000,33000,34000,34000,24200,0,3700,4549.311018280124,31.40365200033557,33743.51024599992,111.24487603305785
1791235852,384,,Aggregated,128.800000,0.000000,3700,4500,5400,6600,12000,17000,28000,32000,33000,34000,34000,24200,0,3700,4549.311018280124,31.40365200033557,33743.51024599992,111.24487603305785
1791235853,384,,Aggregated,128.800000,0.000000,3700,4500,5400,6600,12000,17000,28000,32000,33000,34000,34000,24200,0,3700,4549.311018280124,31.40365200033557,33743.51024599992,111.24487603305785
1791235854,384,,Aggregated,129.600000,0.000000,3600,4500,5400,6600,12000,17000,28000,32000,33000,34000,34000,24608,0,3600,4524.169200194774,31.40365200033557,33743.51024599992,111.37609720416125
1791235855,384,,Aggregated,129.600000,0.000000,3600,4500,5400,6600,12000,17000,28000,32000,33000,34000,34000,24608,0,3600,4524.169200194774,31.40365200033557,33743.51024599992,111.37609720416125
1791235856,384,,Aggregated,129.600000,0.000000,3600,4500,5400,6600,12000,17000,28000,32000,33000,34000,34000,24608,0,3600,4524.169200194774,31.40365200033557,33743.51024599992,111.37609720416125
1791235857,384,,Aggregated,131.200000,0.000000,3400,4500,5400,6600,12000,17000,28000,31000,33000,34000,34000,25010,0,3400,4494.793831546621,31.40365200033557,33743.51024599992,111.2889644142343
1791235858,384,,Aggregated,131.200000,0.000000,3400,4500,5400,6600,12000,17000,28000,31000,33000,34000,34000,25010,0,3400,4494.793831546621,31.40365200033557,33743.51024599992,111.2889644142343
1791235859,384,,Aggregated,131.200000,0.000000,3400,4500,5400,6600,12000,17000,28000,31000,33000,34000,34000,25010,0,3400,4494.793831546621,31.40365200033557,33743.51024599992,111.2889644142343
1791235860,384,,Aggregated,134.000000,0.000000,3300,4500,5400,6600,12000,17000,28000,31000,33000,34000,34000,25398,0,3300,4470.337012396093,31.40365200033557,33743.51024599992,111.34483030159855
1791235861,384,,Aggregated,134.000000,0.000000,3300,4500,5400,6600,12000,17000,28000,31000,33000,34000,34000,25398,0,3300,4470.337012396093,31.40365200033557,33743.51024599992,111.34483030159855
1791235862,384,,Aggregated,134.000000,0.000000,3300,4500,5400,6600,12000,17000,28000,31000,33000,34000,34000,25398,0,3300,4470.337012396093,31.40365200033557,33743.51024599992,111.34483030159855
1791235863,384,,Aggregated,134.400000,0.000000,3000,4500,5300,6500,12000,17000,28000,31000,33000,34000,34000,25842,0,3000,4442.423511494581,31.40365200033557,33743.51024599992,111.38236204628124
1791235864,384,,Aggregated,134.400000,0.000000,3000,4500,5300,6500,12000,17000,28000,31000,33000,34000,34000,25842,0,3000,4442.423511494581,31.40365200033557,33743.51024599992,111.38236204628124
1791235865,384,,Aggregated,134.400000,0.000000,3000,4500,5300,6500,12000,17000,28000,31000,33000,34000,34000,25842,0,3000,4442.423511494581,31.40365200033557,33743.51024599992,111.38236204628124
1791235867,384,,Aggregated,135.600000,0.000000,2900,4500,5300,6500,12000,17000,28000,31000,33000,34000,34000,26204,0,2900,4423.584192839947,31.40365200033557,33743.51024599992,111.50324377957564
1791235868,384,,Aggregated,135.600000,0.000000,2900,4500,5300,6500,12000,17000,28000,31000,33000,34000,34000,26204,0,2900,4423.584192839947,31.40365200033557,33743.51024599992,111.50324377957564
1791235869,384,,Aggregated,135.600000,0.000000,2900,4500,5300,6500,12000,17000,28000,31000,33000,34000,34000,26204,0,2900,4423.584192839947,31.40365200033557,33743.51024599992,111.50324377957564
1791235870,384,,Aggregated,132.600000,0.000000,2800,4500,5300,6500,12000,17000,28000,31000,33000,34000,34000,26592,0,2800,4402.3316584154245,31.40365200033557,33743.51024599992,111.5467433814681
1791235871,384,,Aggregated,132.600000,0.000000,2800,4500,5300,6500,12000,17000,28000,31000,33000,34000,34000,26592,0,2800,4402.3316584154245,31.40365200033557,33743.51024599992,111.5467433814681
1791235872,384,,Aggregated,132.600000,0.000000,2800,4500,5300,6500,12000,17000,28000,31000,33000,34000,34000,26592,0,2800,4402.3316584154245,31.40365200033557,33743.51024599992,111.5467433814681
1791235873,384,,Aggregated,132.600000,0.000000,2700,4500,5300,6500,12000,17000,28000,31000,33000,34000,34000,26970,0,2700,4384.761857610269,31.40365200033557,33743.51024599992,111.69080459770115
1791235874,384,,Aggregated,132.600000,0.000000,2700,4500,5300,6500,12000,17000,28000,31000,33000,34000,34000,26970,0,2700,4384.761857610269,31.40365200033557,33743.51024599992,111.69080459770115
1791235875,384,,Aggregated,132.600000,0.000000,2700,4500,5300,6500,12000,17000,28000,31000,33000,34000,34000,26970,0,2700,4384.761857610269,31.40365200033557,33743.51024599992,111.69080459770115
1791235876,384,,Aggregated,129.000000,0.000000,2700,4500,5300,6500,12000,17000,27000,31000,33000,34000,34000,27408,0,2700,4359.442652884522,31.40365200033557,33743.51024599992,111.63930239346176
1791235877,384,,Aggregated,129.000000,0.000000,2700,4500,5300,6500,12000,17000,27000,31000,33000,34000,34000,27408,0,2700,4359.442652884522,31.40365200033557,33743.51024599992,111.63930239346176
1791235878,384,,Aggregated,129.000000,0.000000,2700,4500,5300,6500,12000,17000,27000,31000,33000,34000,34000,27408,0,2700,4359.442652884522,31.40365200033557,33743.51024599992,111.63930239346176
1791235879,384,,Aggregated,134.600000,0.000000,2600,4500,5300,6500,12000,17000,27000,31000,33000,34000,34000,27854,0,2600,4333.353998330114,31.40365200033557,33743.51024599992,111.55324190421483
1791235880,384,,Aggregated,134.600000,0.000000,2600,4500,5300,6500,12000,17000,27000,31000,33000,34000,34000,27854,0,2600,4333.353998330114,31.40365200033557,33743.51024599992,111.55324190421483
1791235881,384,,Aggregated,134.600000,0.000000,2600,4500,5300,6500,12000,17000,27000,31000,33000,34000,34000,27854,0,2600,4333.353998330114,31.40365200033557,33743.51024599992,111.55324190421483
1791235882,384,,Aggregated,138.000000,0.000000,2600,4500,5300,6500,12000,17000,27000,31000,33000,34000,34000,28252,0,2600,4314.591046076737,31.40365200033557,33743.51024599992,111.63744159705507
1791235883,384,,Aggregated,138.000000,0.000000,2600,4500,5300,6500,12000,17000,27000,31000,33000,34000,34000,28252,0,2600,4314.591046076737,31.40365200033557,33743.51024599992,111.63744159705507
1791235884,384,,Aggregated,138.000000,0.000000,2600,4500,5300,6500,12000,17000,27000,31000,33000,34000,34000,28252,0,2600,4314.591046076737,31.40365200033557,33743.51024599992,111.63744159705507
1791235885,384,,Aggregated,141.000000,0.000000,2500,4500,5300,6500,12000,17000,27000,31000,33000,34000,34000,28694,0,2500,4290.269344609814,31.40365200033557,33743.51024599992,111.58221230919357
1791235886,384,,Aggregated,141.000000,0.000000,2500,4500,5300,6500,12000,17000,27000,31000,33000,34000,34000,28694,0,2500,4290.269344609814,31.40365200033557,33743.51024599992,111.58221230919357
1791235887,384,,Aggregated,141.000000,0.000000,2500,4500,5300,6500,12000,17000,27000,31000,33000,34000,34000,28694,0,2500,4290.269344609814,31.40365200033557,33743.51024599992,111.58221230919357
1791235888,384,,Aggregated,141.400000,0.000000,2400,4500,5200,6500,12000,17000,27000,31000,33000,34000,34000,29068,0,2400,4267.4773530688735,31.40365200033557,33743.51024599992,111.41819182606302
1791235889,384,,Aggregated,141.400000,0.000000,2400,4500,5200,6500,12000,17000,27000,31000,33000,34000,34000,29068,0,2400,4267.4773530688735,31.40365200033557,33743.51024599992,111.41819182606302
1791235890,384,,Aggregated,141.400000,0.000000,2400,4500,5200,6500,12000,17000,27000,31000,33000,34000,34000,29068,0,2400,4267.4773530688735,31.40365200033557,33743.51024599992,111.41819182606302
1791235891,384,,Aggregated,135.200000,0.000000,2400,4500,5200,6400,12000,17000,27000,31000,33000,34000,34000,29502,0,2400,4247.851044778015,31.40365200033557,33743.51024599992,111.48993288590604
1791235892,384,,Aggregated,135.200000,0.000000,2400,4500,5200,6400,12000,17000,27000,31000,33000,34000,34000,29502,0,2400,4247.851044778015,31.40365200033557,33743.51024599992,111.48993288590604
1791235893,384,,Aggregated,135.200000,0.000000,2400,4500,5200,6400,12000,17000,27000,31000,33000,34000,34000,29502,0,2400,4247.851044778015,31.40365200033557,33743.51024599992,111.48993288590604
1791235894,384,,Aggregated,139.000000,0.000000,2300,4500,5200,6400,12000,17000,26000,31000,33000,34000,34000,29904,0,2300,4234.032060686731,31.40365200033557,33743.51024599992,111.69495719636168
1791235895,384,,Aggregated,139.000000,0.000000,2300,4500,5200,6400,12000,17000,26000,31000,33000,34000,34000,29904,0,2300,4234.032060686731,31.40365200033557,33743.51024599992,111.69495719636168
1791235896,384,,Aggregated,139.000000,0.000000,2300,4500,5200,6400,12000,17000,26000,31000,33000,34000,34000,29904,0,2300,4234.032060686731,31.40365200033557,33743.51024599992,111.69495719636168
1791235897,384,,Aggregated,134.400000,0.000000,2300,4500,5200,6400,12000,17000,26000,30000,33000,34000,34000,30284,0,2300,4216.9675257759545,31.40365200033557,33743.51024599992,111.70073306036191
1791235898,384,,Aggregated,134.400000,0.000000,2300,4500,5200,6400,12000,17000,26000,30000,33000,34000,34000,30284,0,2300,4216.9675257759545,31.40365200033557,33743.51024599992,111.70073306036191
1791235899,384,,Aggregated,134.400000,0.000000,2300,4500,5200,6400,12000,17000,26000,30000,33000,34000,34000,30284,0,2300,4216.9675257759545,31.40365200033557,33743.51024599992,111.70073306036191
1791235900,384,,Aggregated,133.800000,0.000000,2200,4400,5200,6400,12000,17000,26000,30000,33000,34000,34000,30664,0,2200,4200.674534434287,31.40365200033557,33743.51024599992,111.73692277589356
1791235901,384,,Aggregated,133.800000,0.000000,2200,4400,5200,6400,12000,17000,26000,30000,33000,34000,34000,30664,0,2200,4200.674534434287,31.40365200033557,33743.51024599992,111.73692277589356
1791235902,384,,Aggregated,133.800000,0.000000,2200,4400,5200,6400,12000,17000,26000,30000,33000,34000,34000,30664,0,2200,4200.674534434287,31.40365200033557,33743.51024599992,111.73692277589356
1791235903,384,,Aggregated,132.200000,0.000000,2100,4400,5200,6400,12000,17000,26000,30000,33000,34000,34000,31068,0,2100,4184.4912511361845,31.40365200033557,33743.51024599992,111.79242307197116
1791235904,384,,Aggregated,132.200000,0.000000,2100,4400,5200,6400,12000,17000,26000,30000,33000,34000,34000,31068,0,2100,4184.4912511361845,31.40365200033557,33743.51024599992,111.79242307197116
1791235905,384,,Aggregated,132.200000,0.000000,2100,4400,5200,6400,12000,17000,26000,30000,33000,34000,34000,31068,0,2100,4184.4912511361845,31.40365200033557,33743.51024599992,111.79242307197116
1791235906,384,,Aggregated,132.200000,0.000000,2100,4400,5200,6400,12000,17000,26000,30000,33000,34000,34000,31480,0,2100,4167.930774213532,31.40365200033557,33743.51024599992,111.80857687420584
1791235907,384,,Aggregated,132.200000,0.000000,2100,4400,5200,6400,12000,17000,26000,30000,33000,34000,34000,31480,0,2100,4167.930774213532,31.40365200033557,33743.51024599992,111.80857687420584
1791235908,384,,Aggregated,132.200000,0.000000,2100,4400,5200,6400,12000,17000,26000,30000,33000,34000,34000,31480,0,2100,4167.930774213532,31.40365200033557,33743.51024599992,111.80857687420584
1791235909,384,,Aggregated,134.000000,0.000000,2000,4400,5200,6400,12000,17000,26000,30000,33000,34000,34000,31890,0,2000,4150.2319013591405,31.40365200033557,33743.51024599992,111.7530260269677
1791235910,384,,Aggregated,134.000000,0.000000,2000,4400,5200,6400,12000,17000,26000,30000,33000,34000,34000,31890,0,2000,4150.2319013591405,31.40365200033557,33743.51024599992,111.7530260269677
1791235911,384,,Aggregated,134.000000,0.000000,2000,4400,5200,6400,12000,17000,26000,30000,33000,34000,34000,31890,0,2000,4150.2319013591405,31.40365200033557,33743.51024599992,111.7530260269677
1791235912,384,,Aggregated,136.400000,0.000000,1900,4400,5200,6400,12000,17000,26000,30000,33000,34000,34000,32322,0,1900,4135.853296142162,31.40365200033557,33743.51024599992,111.86291071097085
1791235913,384,,Aggregated,136.400000,0.000000,1900,4400,5200,6400,12000,17000,26000,30000,33000,34000,34000,32322,0,1900,4135.853296142162,31.40365200033557,33743.51024599992,111.86291071097085
1791235914,384,,Aggregated,136.400000,0.000000,1900,4400,5200,6400,12000,17000,26000,30000,33000,34000,34000,32322,0,1900,4135.853296142162,31.40365200033557,33743.51024599992,111.86291071097085
1791235915,384,,Aggregated,139.600000,0.000000,1900,4400,5200,6400,11000,17000,25000,30000,33000,34000,34000,32734,0,1900,4118.42457344061,31.40365200033557,33743.51024599992,111.79877191910552
1791235916,384,,Aggregated,139.600000,0.000000,1900,4400,5200,6400,11000,17000,25000,30000,33000,34000,34000,32734,0,1900,4118.42457344061,31.40365200033557,33743.51024599992,111.79877191910552
1791235917,384,,Aggregated,139.600000,0.000000,1900,4400,5200,6400,11000,17000,25000,30000,33000,34000,34000,32734,0,1900,4118.42457344061,31.40365200033557,33743.51024599992,111.79877191910552
1791235918,384,,Aggregated,135.800000,0.000000,1800,4400,5100,6400,11000,17000,25000,30000,33000,34000,34000,33122,0,1800,4102.086195291224,31.40365200033557,33743.51024599992,111.72199746392126
1791235919,384,,Aggregated,135.800000,0.000000,1800,4400,5100,6400,11000,17000,25000,30000,33000,34000,34000,33122,0,1800,4102.086195291224,31.40365200033557,33743.51024599992,111.72199746392126
1791235920,384,,Aggregated,135.800000,0.000000,1800,4400,5100,6400,11000,17000,25000,30000,33000,34000,34000,33122,0,1800,4102.086195291224,31.40365200033557,33743.51024599992,111.72199746392126
1791235921,384,,Aggregated,138.000000,0.000000,1800,4400,5100,6300,11000,17000,25000,30000,33000,34000,34000,33530,0,1800,4086.6086301726173,31.40365200033557,33743.51024599992,111.68917387414255
1791235922,384,,Aggregated,138.000000,0.000000,1800,4400,5100,6300,11000,17000,25000,30000,33000,34000,34000,33530,0,1800,4086.6086301726173,31.40365200033557,33743.51024599992,111.68917387414255
1791235923,384,,Aggregated,138.000000,0.000000,1800,4400,5100,6300,11000,17000,25000,30000,33000,34000,34000,33530,0,1800,4086.6086301726173,31.40365200033557,33743.51024599992,111.68917387414255
1791235924,384,,Aggregated,132.800000,0.000000,1800,4400,5100,6300,11000,17000,25000,30000,33000,34000,34000,33888,0,1800,4077.1156711470394,31.40365200033557,33743.51024599992,111.81769357884797
1791235925,384,,Aggregated,132.800000,0.000000,1800,4400,5100,6300,11000,17000,25000,30000,33000,34000,34000,33888,0,1800,4077.1156711470394,31.40365200033557,33743.51024599992,111.81769357884797
1791235926,384,,Aggregated,132.800000,0.000000,1800,4400,5100,6300,11000,17000,25000,30000,33000,34000,34000,33888,0,1800,4077.1156711470394,31.40365200033557,33743.51024599992,111.81769357884797
1791235927,384,,Aggregated,129.000000,0.000000,1800,4400,5100,6300,11000,17000,24000,30000,33000,34000,34000,34298,0,1800,4065.156270334477,31.40365200033557,33743.51024599992,111.94862674208409
1791235928,384,,Aggregated,129.000000,0.000000,1800,4400,5100,6300,11000,17000,24000,30000,33000,34000,34000,34298,0,1800,4065.156270334477,31.40365200033557,33743.51024599992,111.94862674208409
1791235929,384,,Aggregated,129.000000,0.000000,1800,4400,5100,6300,11000,17000,24000,30000,33000,34000,34000,34298,0,1800,4065.156270334477,31.40365200033557,33743.51024599992,111.94862674208409
1791235930,384,,Aggregated,128.800000,0.000000,1700,4400,5100,6300,11000,17000,24000,30000,33000,34000,34000,34702,0,1700,4050.5869628842693,31.40365200033557,33743.51024599992,111.95749524523082
1791235931,384,,Aggregated,128.800000,0.000000,1700,4400,5100,6300,11000,17000,24000,30000,33000,34000,34000,34702,0,1700,4050.5869628842693,31.40365200033557,33743.51024599992,111.95749524523082
1791235932,384,,Aggregated,128.800000,0.000000,1700,4400,5100,6300,11000,17000,24000,30000,33000,34000,34000,34702,0,1700,4050.5869628842693,31.40365200033557,33743.51024599992,111.95749524523082
1791235933,384,,Aggregated,130.400000,0.000000,1700,4400,5100,6300,11000,17000,24000,30000,33000,34000,34000,35084,0,1700,4037.6354634232684,31.40365200033557,33743.51024599992,111.97192452399955
1791235934,384,,Aggregated,130.400000,0.000000,1700,4400,5100,6300,11000,17000,24000,30000,33000,34000,34000,35084,0,1700,4037.6354634232684,31.40365200033557,33743.51024599992,111.97192452399955
1791235935,384,,Aggregated,130.400000,0.000000,1700,4400,5100,6300,11000,17000,24000,30000,33000,34000,34000,35084,0,1700,4037.6354634232684,31.40365200033557,33743.51024599992,111.97192452399955
1791235936,384,,Aggregated,132.100000,0.000000,1700,4400,5100,6300,11000,17000,23000,30000,33000,34000,34000,35486,0,1700,4024.746251445947,31.40365200033557,33743.51024599992,111.98520543312856
1791235937,384,,Aggregated,132.100000,0.000000,1700,4400,5100,6300,11000,17000,23000,30000,33000,34000,34000,35486,0,1700,4024.746251445947,31.40365200033557,33743.51024599992,111.98520543312856
1791235938,384,,Aggregated,132.100000,0.000000,1700,4400,5100,6300,11000,17000,23000,30000,33000,34000,34000,35486,0,1700,4024.746251445947,31.40365200033557,33743.51024599992,111.98520543312856
1791235939,384,,Aggregated,133.000000,0.000000,1700,4400,5100,6300,11000,17000,23000,30000,33000,34000,34000,35894,0,1700,4014.255482742098,31.40365200033557,33743.51024599992,112.09397113723742
1791235940,384,,Aggregated,133.000000,0.000000,1700,4400,5100,6300,11000,17000,23000,30000,33000,34000,34000,35894,0,1700,4014.255482742098,31.40365200033557,33743.51024599992,112.09397113723742
1791235941,384,,Aggregated,133.000000,0.000000,1700,4400,5100,6300,11000,17000,23000,30000,33000,34000,34000,35894,0,1700,4014.255482742098,31.40365200033557,33743.51024599992,112.09397113723742
1791235942,384,,Aggregated,131.200000,0.000000,1700,4400,5100,6300,11000,17000,22000,30000,33000,34000,34000,36266,0,1700,4004.1825625005754,31.40365200033557,33743.51024599992,112.1691667126234
1791235943,384,,Aggregated,131.200000,0.000000,1700,4400,5100,6300,11000,17000,22000,30000,33000,34000,34000,36266,0,1700,4004.1825625005754,31.40365200033557,33743.51024599992,112.1691667126234
1791235944,384,,Aggregated,131.200000,0.000000,1700,4400,5100,6300,11000,17000,22000,30000,33000,34000,34000,36266,0,1700,4004.1825625005754,31.40365200033557,33743.51024599992,112.1691667126234
1791235945,384,,Aggregated,130.800000,0.000000,1700,4400,5100,6300,11000,17000,21000,30000,33000,34000,34000,36680,0,1700,3992.010424662592,31.40365200033557,33743.51024599992,112.1951199563795
1791235946,384,,Aggregated,130.800000,0.000000,1700,4400,5100,6300,11000,17000,21000,30000,33000,34000,34000,36680,0,1700,3992.010424662592,31.40365200033557,33743.51024599992,112.1951199563795
1791235947,384,,Aggregated,130.800000,0.000000,1700,4400,5100,6300,11000,17000,21000,30000,33000,34000,34000,36680,0,1700,3992.010424662592,31.40365200033557,33743.51024599992,112.1951199563795
1791235948,384,,Aggregated,131.200000,0.000000,1700,4400,5100,6300,11000,17000,20000,30000,33000,34000,34000,37078,0,1700,3983.0051971487633,31.40365200033557,33743.51024599992,112.30282107988565
1791235949,384,,Aggregated,131.200000,0.000000,1700,4400,5100,6300,11000,17000,20000,30000,33000,34000,34000,37078,0,1700,3983.0051971487633,31.40365200033557,33743.51024599992,112.30282107988565
1791235950,384,,Aggregated,131.200000,0.000000,1700,4400,5100,6300,11000,17000,20000,30000,33000,34000,34000,37078,0,1700,3983.0051971487633,31.40365200033557,33743.51024599992,112.30282107988565
1791235951,384,,Aggregated,133.000000,0.000000,1700,4400,5100,6300,11000,17000,20000,30000,33000,34000,34000,37502,0,1700,3967.6953083634157,31.40365200033557,33743.51024599992,112.15945816223135
1791235952,384,,Aggregated,133.000000,0.000000,1700,4400,5100,6300,11000,17000,20000,30000,33000,34000,34000,37502,0,1700,3967.6953083634157,31.40365200033557,33743.51024599992,112.15945816223135
1791235953,384,,Aggregated,133.000000,0.000000,1700,4400,5100,6300,11000,17000,20000,30000,33000,34000,34000,37502,0,1700,3967.6953083634157,31.40365200033557,33743.51024599992,112.15945816223135
1791235954,384,,Aggregated,136.600000,0.000000,1600,4300,5100,6300,11000,17000,20000,30000,33000,34000,34000,37896,0,1600,3957.6295755729584,31.40365200033557,33743.51024599992,112.17901625501372
1791235955,384,,Aggregated,136.600000,0.000000,1600,4300,5100,6300,11000,17000,20000,30000,33000,34000,34000,37896,0,1600,3957.6295755729584,31.40365200033557,33743.51024599992,112.17901625501372
1791235956,384,,Aggregated,136.600000,0.000000,1600,4300,5100,6300,11000,17000,20000,30000,33000,34000,34000,37896,0,1600,3957.6295755729584,31.40365200033557,33743.51024599992,112.17901625501372
1791235957,384,,Aggregated,134.200000,0.000000,1600,4300,5100,6300,11000,17000,20000,29000,33000,34000,34000,38316,0,1600,3947.5287484236046,31.40365200033557,33743.51024599992,112.22940808017539
1791235958,384,,Aggregated,134.200000,0.000000,1600,4300,5100,6300,11000,17000,20000,29000,33000,34000,34000,38316,0,1600,3947.5287484236046,31.40365200033557,33743.51024599992,112.22940808017539
1791235959,384,,Aggregated,134.200000,0.000000,1600,4300,5100,6300,11000,17000,20000,29000,33000,34000,34000,38316,0,1600,3947.5287484236046,31.40365200033557,33743.51024599992,112.22940808017539
1791235960,384,,Aggregated,137.400000,0.000000,1600,4300,5000,6200,11000,17000,20000,29000,33000,34000,34000,38710,0,1600,3935.0409670854524,31.40365200033557,33743.51024599992,112.16528028933092
1791235961,384,,Aggregated,137.400000,0.000000,1600,4300,5000,6200,11000,17000,20000,29000,33000,34000,34000,38710,0,1600,3935.0409670854524,31.40365200033557,33743.51024599992,112.16528028933092
1791235962,384,,Aggregated,137.400000,0.000000,1600,4300,5000,6200,11000,17000,20000,29000,33000,34000,34000,38710,0,1600,3935.0409670854524,31.40365200033557,33743.51024599992,112.16528028933092
1791235963,384,,Aggregated,135.000000,0.000000,1600,4300,5000,6200,11000,17000,20000,29000,33000,34000,34000,39100,0,1600,3924.729784673909,31.40365200033557,33743.51024599992,112.16230179028133
1791235964,384,,Aggregated,135.000000,0.000000,1600,4300,5000,6200,11000,17000,20000,29000,33000,34000,34000,39100,0,1600,3924.729784673909,31.40365200033557,33743.51024599992,112.16230179028133
1791235965,384,,Aggregated,135.000000,0.000000,1600,4300,5000,6200,11000,17000,20000,29000,33000,34000,34000,39100,0,1600,3924.729784673909,31.40365200033557,33743.51024599992,112.16230179028133
1791235966,384,,Aggregated,133.600000,0.000000,1600,4300,5000,6200,11000,17000,20000,29000,33000,34000,34000,39492,0,1600,3914.036199751465,31.40365200033557,33743.51024599992,112.15225868530335
1791235967,384,,Aggregated,133.600000,0.000000,1600,4300,5000,6200,11000,17000,20000,29000,33000,34000,34000,39492,0,1600,3914.036199751465,31.40365200033557,33743.51024599992,112.15225868530335
1791235968,384,,Aggregated,133.600000,0.000000,1600,4300,5000,6200,11000,17000,20000,29000,33000,34000,34000,39492,0,1600,3914.036199751465,31.40365200033557,33743.51024599992,112.15225868530335
1791235969,384,,Aggregated,135.600000,0.000000,1600,4300,5000,6200,11000,17000,20000,29000,33000,34000,34000,39938,0,1600,3901.9616611621973,31.40365200033557,33743.51024599992,112.14717812609545
1791235970,384,,Aggregated,135.600000,0.000000,1600,4300,5000,6200,11000,17000,20000,29000,33000,34000,34000,39938,0,1600,3901.9616611621973,31.40365200033557,33743.51024599992,112.14717812609545
1791235971,384,,Aggregated,135.600000,0.000000,1600,4300,5000,6200,11000,17000,20000,29000,33000,34000,34000,39938,0,1600,3901.9616611621973,31.40365200033557,33743.51024599992,112.14717812609545
1791235972,384,,Aggregated,134.400000,0.000000,1600,4300,5000,6200,11000,17000,20000,29000,33000,34000,34000,40348,0,1600,3891.7238106762384,31.40365200033557,33743.51024599992,112.17140874392783
1791235973,384,,Aggregated,134.400000,0.000000,1600,4300,5000,6200,11000,17000,20000,29000,33000,34000,34000,40348,0,1600,3891.7238106762384,31.40365200033557,33743.51024599992,112.17140874392783
1791235974,384,,Aggregated,134.400000,0.000000,1600,4300,5000,6200,11000,17000,20000,29000,33000,34000,34000,40348,0,1600,3891.7238106762384,31.40365200033557,33743.51024599992,112.17140874392783
1791235975,384,,Aggregated,138.000000,0.000000,1600,4300,5000,6200,11000,17000,20000,29000,33000,34000,34000,40742,0,1600,3883.675254378697,31.40365200033557,33743.51024599992,112.27097344263905
1791235976,384,,Aggregated,138.000000,0.000000,1600,4300,5000,6200,11000,17000,20000,29000,33000,34000,34000,40742,0,1600,3883.675254378697,31.40365200033557,33743.51024599992,112.27097344263905
1791235977,384,,Aggregated,138.000000,0.000000,1600,4300,5000,6200,11000,17000,20000,29000,33000,34000,34000,40742,0,1600,3883.675254378697,31.40365200033557,33743.51024599992,112.27097344263905
1791235978,384,,Aggregated,137.200000,0.000000,1500,4300,5000,6200,11000,17000,20000,29000,33000,34000,34000,41124,0,1500,3875.290082973176,31.40365200033557,33743.51024599992,112.32698667444801
1791235979,384,,Aggregated,137.200000,0.000000,1500,4300,5000,6200,11000,17000,20000,29000,33000,34000,34000,41124,0,1500,3875.290082973176,31.40365200033557,33743.51024599992,112.32698667444801
1791235980,384,,Aggregated,137.200000,0.000000,1500,4300,5000,6200,11000,17000,20000,29000,33000,34000,34000,41124,0,1500,3875.290082973176,31.40365200033557,33743.51024599992,112.32698667444801
1791235981,384,,Aggregated,133.000000,0.000000,1500,4300,5000,6200,11000,17000,20000,29000,33000,34000,34000,41524,0,1500,3863.105521205036,31.40365200033557,33743.51024599992,112.22880743666313
1791235982,384,,Aggregated,133.000000,0.000000,1500,4300,5000,6200,11000,17000,20000,29000,33000,34000,34000,41524,0,1500,3863.105521205036,31.40365200033557,33743.51024599992,112.22880743666313
1791235983,384,,Aggregated,133.000000,0.000000,1500,4300,5000,6200,11000,17000,20000,29000,33000,34000,34000,41524,0,1500,3863.105521205036,31.40365200033557,33743.51024599992,112.22880743666313
1791235984,384,,Aggregated,130.000000,0.000000,1500,4300,5000,6200,11000,17000,20000,29000,33000,34000,34000,41900,0,1500,3856.7663055832204,31.40365200033557,33743.51024599992,112.33107398568019
1791235985,384,,Aggregated,130.000000,0.000000,1500,4300,5000,6200,11000,17000,20000,29000,33000,34000,34000,41900,0,1500,3856.7663055832204,31.40365200033557,33743.51024599992,112.33107398568019
1791235986,384,,Aggregated,130.000000,0.000000,1500,4300,5000,6200,11000,17000,20000,29000,33000,34000,34000,41900,0,1500,3856.7663055832204,31.40365200033557,33743.51024599992,112.33107398568019
1791235987,384,,Aggregated,128.600000,0.000000,1500,4300,5000,6200,11000,17000,20000,29000,33000,34000,34000,42270,0,1500,3850.383402498721,31.40365200033557,33743.51024599992,112.4180269694819
1791235988,384,,Aggregated,128.600000,0.000000,1500,4300,5000,6200,11000,17000,20000,29000,33000,34000,34000,42270,0,1500,3850.383402498721,31.40365200033557,33743.51024599992,112.4180269694819
1791235989,384,,Aggregated,128.600000,0.000000,1500,4300,5000,6200,11000,17000,20000,29000,33000,34000,34000,42270,0,1500,3850.383402498721,31.40365200033557,33743.51024599992,112.4180269694819
1791235990,384,,Aggregated,128.200000,0.000000,1500,4300,5000,6200,11000,17000,20000,29000,33000,34000,34000,42688,0,1500,3844.5718142321707,31.40365200033557,33743.51024599992,112.54734351574213
1791235991,384,,Aggregated,128.200000,0.000000,1500,4300,5000,6200,11000,17000,20000,29000,33000,34000,34000,42688,0,1500,3844.5718142321707,31.40365200033557,33743.51024599992,112.54734351574213
1791235992,384,,Aggregated,128.200000,0.000000,1500,4300,5000,6200,11000,17000,20000,29000,33000,34000,34000,42688,0,1500,3844.5718142321707,31.40365200033557,33743.51024599992,112.54734351574213
1791235993,384,,Aggregated,130.200000,0.000000,1500,4300,5000,6200,11000,17000,20000,29000,33000,34000,34000,43092,0,1500,3836.1624988407107,31.40365200033557,33743.51024599992,112.56657848324515
1791235994,320,,Aggregated,130.200000,0.000000,1500,4300,5000,6200,11000,17000,20000,29000,33000,34000,34000,43092,0,1500,3836.1624988407107,31.40365200033557,33743.51024599992,112.56657848324515
1791235995,256,,Aggregated,130.200000,0.000000,1500,4300,5000,6200,11000,17000,20000,29000,33000,34000,34000,43092,0,1500,3836.1624988407107,31.40365200033557,33743.51024599992,112.56657848324515
1791235996,192,,Aggregated,130.600000,0.000000,1500,4300,5000,6200,11000,17000,20000,29000,33000,34000,34000,43450,0,1500,3826.8328709788007,31.40365200033557,33743.51024599992,112.53074798619103
1791235997,128,,Aggregated,130.600000,0.000000,1500,4300,5000,6200,11000,17000,20000,29000,33000,34000,34000,43450,0,1500,3826.8328709788007,31.40365200033557,33743.51024599992,112.53074798619103
1791235998,64,,Aggregated,130.600000,0.000000,1500,4300,5000,6200,11000,17000,20000,29000,33000,34000,34000,43450,0,1500,3826.8328709788007,31.40365200033557,33743.51024599992,112.53074798619103
1791235999,64,,Aggregated,131.000000,0.000000,1400,4300,5000,6200,11000,17000,20000,29000,33000,34000,34000,43722,0,1400,3821.45827586478,31.40365200033557,33743.51024599992,112.73082201180183
1791236000,64,,Aggregated,131.000000,0.000000,1400,4300,5000,6200,11000,17000,20000,29000,33000,34000,34000,43722,0,1400,3821.45827586478,31.40365200033557,33743.51024599992,112.73082201180183
1791236001,64,,Aggregated,131.000000,0.000000,1400,4300,5000,6200,11000,17000,20000,29000,33000,34000,34000,43722,0,1400,3821.45827586478,31.40365200033557,33743.51024599992,112.73082201180183
1791236002,64,,Aggregated,115.000000,0.000000,1400,4300,5000,6200,11000,17000,20000,29000,33000,34000,34000,43940,0,1400,3809.090576058874,31.40365200033557,33743.51024599992,112.80186618115613
1791236003,64,,Aggregated,115.000000,0.000000,1400,4300,5000,6200,11000,17000,20000,29000,33000,34000,34000,43940,0,1400,3809.090576058874,31.40365200033557,33743.51024599992,112.80186618115613
1791236004,64,,Aggregated,115.000000,0.000000,1400,4300,5000,6200,11000,17000,20000,29000,33000,34000,34000,43940,0,1400,3809.090576058874,31.40365200033557,33743.51024599992,112.80186618115613
1791236005,64,,Aggregated,95.800000,0.000000,1400,4300,5000,6100,11000,17000,20000,29000,33000,34000,34000,44132,0,1400,3796.4848957936165,31.40365200033557,33743.51024599992,112.80218435602283
1791236006,64,,Aggregated,95.800000,0.000000,1400,4300,5000,6100,11000,17000,20000,29000,33000,34000,34000,44132,0,1400,3796.4848957936165,31.40365200033557,33743.51024599992,112.80218435602283
1791236007,64,,Aggregated,95.800000,0.000000,1400,4300,5000,6100,11000,17000,20000,29000,33000,34000,34000,44132,0,1400,3796.4848957936165,31.40365200033557,33743.51024599992,112.80218435602283
1791236008,64,,Aggregated,77.200000,0.000000,1400,4300,4900,6100,11000,17000,20000,29000,33000,34000,34000,44324,0,1400,3784.7430981512925,31.40365200033557,33743.51024599992,112.9177646421803
1791236009,64,,Aggregated,77.200000,0.000000,1400,4300,4900,6100,11000,17000,20000,29000,33000,34000,34000,44324,0,1400,3784.7430981512925,31.40365200033557,33743.51024599992,112.9177646421803
1791236010,64,,Aggregated,77.200000,0.000000,1400,4300,4900,6100,11000,17000,20000,29000,33000,34000,34000,44324,0,1400,3784.7430981512925,31.40365200033557,33743.51024599992,112.9177646421803
1791236011,64,,Aggregated,65.400000,0.000000,1300,4200,4900,6100,10000,16000,20000,29000,33000,34000,34000,44542,0,1300,3770.728074887856,31.40365200033557,33743.51024599992,112.92016523730412
1791236012,64,,Aggregated,65.400000,0.000000,1300,4200,4900,6100,10000,16000,20000,29000,33000,34000,34000,44542,0,1300,3770.728074887856,31.40365200033557,33743.51024599992,112.92016523730412
1791236013,64,,Aggregated,65.400000,0.000000,1300,4200,4900,6100,10000,16000,20000,29000,33000,34000,34000,44542,0,1300,3770.728074887856,31.40365200033557,33743.51024599992,112.92016523730412
1791236014,64,,Aggregated,66.400000,0.000000,1300,4200,4900,6100,10000,16000,20000,29000,33000,34000,34000,44752,0,1300,3757.810239277595,31.40365200033557,33743.51024599992,112.98493922059349
1791236015,64,,Aggregated,66.400000,0.000000,1300,4200,4900,6100,10000,16000,20000,29000,33000,34000,34000,44752,0,1300,3757.810239277595,31.40365200033557,33743.51024599992,112.98493922059349
1791236016,64,,Aggregated,66.400000,0.000000,1300,4200,4900,6100,10000,16000,20000,29000,33000,34000,34000,44752,0,1300,3757.810239277595,31.40365200033557,33743.51024599992,112.98493922059349
1791236017,64,,Aggregated,68.800000,0.000000,1300,4200,4900,6100,10000,16000,20000,29000,33000,34000,34000,44984,0,1300,3742.6992786692813,31.40365200033557,33743.51024599992,112.9322648052641
1791236018,64,,Aggregated,68.800000,0.000000,1300,4200,4900,6100,10000,16000,20000,29000,33000,34000,34000,44984,0,1300,3742.6992786692813,31.40365200033557,33743.51024599992,112.9322648052641
1791236019,64,,Aggregated,68.800000,0.000000,1300,4200,4900,6100,10000,16000,20000,29000,33000,34000,34000,44984,0,1300,3742.6992786692813,31.40365200033557,33743.51024599992,112.9322648052641
1791236020,64,,Aggregated,73.200000,0.000000,1200,4200,4900,6000,10000,16000,20000,29000,33000,34000,34000,45210,0,1200,3727.7918465358093,31.40365200033557,33743.51024599992,112.83523556735236
1791236021,64,,Aggregated,73.200000,0.000000,1200,4200,4900,6000,10000,16000,20000,29000,33000,34000,34000,45210,0,1200,3727.7918465358093,31.40365200033557,33743.51024599992,112.83523556735236
1791236022,64,,Aggregated,73.200000,0.000000,1200,4200,4900,6000,10000,16000,20000,29000,33000,34000,34000,45210,0,1200,3727.7918465358093,31.40365200033557,33743.51024599992,112.83523556735236
1791236023,64,,Aggregated,73.200000,0.000000,1200,4200,4900,6000,10000,16000,20000,29000,33000,34000,34000,45426,0,1200,3714.64272419295,31.40365200033557,33743.51024599992,112.87577598732004
1791236024,64,,Aggregated,73.200000,0.000000,1200,4200,4900,6000,10000,16000,20000,29000,33000,34000,34000,45426,0,1200,3714.64272419295,31.40365200033557,33743.51024599992,112.87577598732004
1791236025,64,,Aggregated,73.200000,0.000000,1200,4200,4900,6000,10000,16000,20000,29000,33000,34000,34000,45426,0,1200,3714.64272419295,31.40365200033557,33743.51024599992,112.87577598732004
1791236026,64,,Aggregated,74.000000,0.000000,1100,4200,4900,6000,10000,16000,20000,29000,33000,34000,34000,45612,0,1100,3703.6965455113327,31.40365200033557,33743.51024599992,112.94736034376919
1791236027,64,,Aggregated,74.000000,0.000000,1100,4200,4900,6000,10000,16000,20000,29000,33000,34000,34000,45612,0,1100,3703.6965455113327,31.40365200033557,33743.51024599992,112.94736034376919
1791236028,64,,Aggregated,74.000000,0.000000,1100,4200,4900,6000,10000,16000,20000,29000,33000,34000,34000,45612,0,1100,3703.6965455113327,31.40365200033557,33743.51024599992,112.94736034376919
1791236029,64,,Aggregated,72.200000,0.000000,1100,4200,4900,6000,10000,16000,20000,29000,33000,34000,34000,45810,0,1100,3692.3640517376743,31.40365200033557,33743.51024599992,113.05394018773194
1791236030,64,,Aggregated,72.200000,0.000000,1100,4200,4900,6000,10000,16000,20000,29000,33000,34000,34000,45810,0,1100,3692.3640517376743,31.40365200033557,33743.51024599992,113.05394018773194
1791236031,64,,Aggregated,72.200000,0.000000,1100,4200,4900,6000,10000,16000,20000,29000,33000,34000,34000,45810,0,1100,3692.3640517376743,31.40365200033557,33743.51024599992,113.05394018773194
1791236032,64,,Aggregated,66.000000,0.000000,1000,4200,4900,6000,10000,16000,20000,29000,33000,34000,34000,46024,0,1000,3679.182134702348,31.40365200033557,33743.51024599992,113.04247783764993
1791236033,64,,Aggregated,66.000000,0.000000,1000,4200,4900,6000,10000,16000,20000,29000,33000,34000,34000,46024,0,1000,3679.182134702348,31.40365200033557,33743.51024599992,113.04247783764993
1791236034,64,,Aggregated,66.000000,0.000000,1000,4200,4900,6000,10000,16000,20000,29000,33000,34000,34000,46024,0,1000,3679.182134702348,31.40365200033557,33743.51024599992,113.04247783764993
1791236035,64,,Aggregated,65.800000,0.000000,1000,4200,4800,5900,10000,16000,20000,29000,33000,34000,34000,46222,0,1000,3667.6715120784006,31.40365200033557,33743.51024599992,113.0984379732595
1791236036,64,,Aggregated,65.800000,0.000000,1000,4200,4800,5900,10000,16000,20000,29000,33000,34000,34000,46222,0,1000,3667.6715120784006,31.40365200033557,33743.51024599992,113.0984379732595
1791236037,64,,Aggregated,65.800000,0.000000,1000,4200,4800,5900,10000,16000,20000,29000,33000,34000,34000,46222,0,1000,3667.6715120784006,31.40365200033557,33743.51024599992,113.0984379732595
1791236038,64,,Aggregated,68.800000,0.000000,980,4200,4800,5900,10000,16000,20000,29000,33000,34000,34000,46438,0,980,3654.9160047153805,31.40365200033557,33743.51024599992,113.11096515784487
1791236039,64,,Aggregated,68.800000,0.000000,980,4200,4800,5900,10000,16000,20000,29000,33000,34000,34000,46438,0,980,3654.9160047153805,31.40365200033557,33743.51024599992,113.11096515784487
1791236040,64,,Aggregated,68.800000,0.000000,980,4200,4800,5900,10000,16000,20000,29000,33000,34000,34000,46438,0,980,3654.9160047153805,31.40365200033557,33743.51024599992,113.11096515784487
1791236041,64,,Aggregated,69.400000,0.000000,960,4200,4800,5900,10000,16000,20000,29000,33000,34000,34000,46662,0,960,3641.65288576398,31.40365200033557,33743.51024599992,113.1017744631606
1791236042,64,,Aggregated,69.400000,0.000000,960,4200,4800,5900,10000,16000,20000,29000,33000,34000,34000,46662,0,960,3641.65288576398,31.40365200033557,33743.51024599992,113.1017744631606
1791236043,64,,Aggregated,69.400000,0.000000,960,4200,4800,5900,10000,16000,20000,29000,33000,34000,34000,46662,0,960,3641.65288576398,31.40365200033557,33743.51024599992,113.1017744631606
1791236044,64,,Aggregated,70.600000,0.000000,950,4200,4800,5900,10000,16000,20000,29000,33000,34000,34000,46876,0,950,3629.692135063184,31.40365200033557,33743.51024599992,113.15828995648093
1791236045,64,,Aggregated,70.600000,0.000000,950,4200,4800,5900,10000,16000,20000,29000,33000,34000,34000,46876,0,950,3629.692135063184,31.40365200033557,33743.51024599992,113.15828995648093
1791236046,64,,Aggregated,70.600000,0.000000,950,4200,4800,5900,10000,16000,20000,29000,33000,34000,34000,46876,0,950,3629.692135063184,31.40365200033557,33743.51024599992,113.15828995648093
1791236047,64,,Aggregated,73.200000,0.000000,930,4200,4800,5900,9900,16000,20000,29000,33000,34000,34000,47080,0,930,3617.6583631231056,31.40365200033557,33743.51024599992,113.12217502124044
1791236048,64,,Aggregated,73.200000,0.000000,930,4200,4800,5900,9900,16000,20000,29000,33000,34000,34000,47080,0,930,3617.6583631231056,31.40365200033557,33743.51024599992,113.12217502124044
1791236049,64,,Aggregated,73.200000,0.000000,930,4200,4800,5900,9900,16000,20000,29000,33000,34000,34000,47080,0,930,3617.6583631231056,31.40365200033557,33743.51024599992,113.12217502124044
1791236050,64,,Aggregated,71.600000,0.000000,920,4200,4800,5800,9900,16000,20000,28000,33000,34000,34000,47312,0,920,3604.585393917332,31.40365200033557,33743.51024599992,113.14505833615151
1791236051,64,,Aggregated,71.600000,0.000000,920,4200,4800,5800,9900,16000,20000,28000,33000,34000,34000,47312,0,920,3604.585393917332,31.40365200033557,33743.51024599992,113.14505833615151
1791236052,64,,Aggregated,71.600000,0.000000,920,4200,4800,5800,9900,16000,20000,28000,33000,34000,34000,47312,0,920,3604.585393917332,31.40365200033557,33743.51024599992,113.14505833615151
1791236053,64,,Aggregated,72.400000,0.000000,900,4200,4800,5800,9900,16000,20000,28000,33000,34000,34000,47572,0,900,3589.066617236522,31.40365200033557,33743.51024599992,113.04006558479777
1791236054,64,,Aggregated,72.400000,0.000000,900,4200,4800,5800,9900,16000,20000,28000,33000,34000,34000,47572,0,900,3589.066617236522,31.40365200033557,33743.51024599992,113.04006558479777
1791236055,64,,Aggregated,72.400000,0.000000,900,4200,4800,5800,9900,16000,20000,28000,33000,34000,34000,47572,0,900,3589.066617236522,31.40365200033557,33743.51024599992,113.04006558479777
1791236056,64,,Aggregated,77.600000,0.000000,890,4100,4800,5800,9800,16000,20000,28000,33000,34000,34000,47798,0,890,3575.4969197709493,31.40365200033557,33743.51024599992,112.92248629649777
1791236057,64,,Aggregated,77.600000,0.000000,890,4100,4800,5800,9800,16000,20000,28000,33000,34000,34000,47798,0,890,3575.4969197709493,31.40365200033557,33743.51024599992,112.92248629649777
1791236058,64,,Aggregated,77.600000,0.000000,890,4100,4800,5800,9800,16000,20000,28000,33000,34000,34000,47798,0,890,3575.4969197709493,31.40365200033557,33743.51024599992,112.92248629649777
1791236059,64,,Aggregated,79.000000,0.000000,880,4100,4800,5800,9800,16000,20000,28000,33000,34000,34000,48010,0,880,3564.3619414245745,31.40365200033557,33743.51024599992,113.01368464903145
1791236060,64,,Aggregated,79.000000,0.000000,880,4100,4800,5800,9800,16000,20000,28000,33000,34000,34000,48010,0,880,3564.3619414245745,31.40365200033557,33743.51024599992,113.01368464903145
1791236061,64,,Aggregated,79.000000,0.000000,880,4100,4800,5800,9800,16000,20000,28000,33000,34000,34000,48010,0,880,3564.3619414245745,31.40365200033557,33743.51024599992,113.01368464903145
1791236062,64,,Aggregated,77.800000,0.000000,870,4100,4800,5800,9700,16000,20000,28000,33000,34000,34000,48252,0,870,3550.2516164927433,31.40365200033557,33743.51024599992,112.91904998756529
1791236063,64,,Aggregated,77.800000,0.000000,870,4100,4800,5800,9700,16000,20000,28000,33000,34000,34000,48252,0,870,3550.2516164927433,31.40365200033557,33743.51024599992,112.91904998756529
1791236064,64,,Aggregated,77.800000,0.000000,870,4100,4800,5800,9700,16000,20000,28000,33000,34000,34000,48252,0,870,3550.2516164927433,31.40365200033557,33743.51024599992,112.91904998756529
1791236065,64,,Aggregated,78.600000,0.000000,860,4100,4800,5700,9700,16000,20000,28000,33000,34000,34000,48456,0,860,3539.322228199416,31.40365200033557,33743.51024599992,112.95086263826977
1791236066,64,,Aggregated,78.600000,0.000000,860,4100,4800,5700,9700,16000,20000,28000,33000,34000,34000,48456,0,860,3539.322228199416,31.40365200033557,33743.51024599992,112.95086263826977
1791236067,64,,Aggregated,78.600000,0.000000,860,4100,4800,5700,9700,16000,20000,28000,33000,34000,34000,48456,0,860,3539.322228199416,31.40365200033557,33743.51024599992,112.95086263826977
1791236068,64,,Aggregated,72.800000,0.000000,850,4100,4700,5700,9700,16000,20000,28000,33000,34000,34000,48652,0,850,3529.3147334687555,31.40365200033557,33743.51024599992,113.02928964893529
1791236069,64,,Aggregated,72.800000,0.000000,850,4100,4700,5700,9700,16000,20000,28000,33000,34000,34000,48652,0,850,3529.3147334687555,31.40365200033557,33743.51024599992,113.02928964893529
1791236070,64,,Aggregated,72.800000,0.000000,850,4100,4700,5700,9700,16000,20000,28000,33000,34000,34000,48652,0,850,3529.3147334687555,31.40365200033557,33743.51024599992,113.02928964893529
1791236071,64,,Aggregated,72.600000,0.000000,850,4100,4700,5700,9600,16000,20000,28000,33000,34000,34000,48866,0,850,3517.614902589202,31.40365200033557,33743.51024599992,112.99959071747227
1791236072,64,,Aggregated,72.600000,0.000000,850,4100,4700,5700,9600,16000,20000,28000,33000,34000,34000,48866,0,850,3517.614902589202,31.40365200033557,33743.51024599992,112.99959071747227
1791236073,64,,Aggregated,72.600000,0.000000,850,4100,4700,5700,9600,16000,20000,28000,33000,34000,34000,48866,0,850,3517.614902589202,31.40365200033557,33743.51024599992,112.99959071747227
1791236074,64,,Aggregated,69.000000,0.000000,830,4100,4700,5700,9600,16000,20000,28000,33000,34000,34000,49108,0,830,3504.7904674094025,31.40365200033557,33743.51024599992,112.99655860552252
1791236075,64,,Aggregated,69.000000,0.000000,830,4100,4700,5700,9600,16000,20000,28000,33000,34000,34000,49108,0,830,3504.7904674094025,31.40365200033557,33743.51024599992,112.99655860552252
1791236076,64,,Aggregated,69.000000,0.000000,830,4100,4700,5700,9600,16000,20000,28000,33000,34000,34000,49108,0,830,3504.7904674094025,31.40365200033557,33743.51024599992,112.99655860552252
1791236077,64,,Aggregated,72.000000,0.000000,830,4100,4700,5600,9500,16000,20000,28000,33000,34000,34000,49314,0,830,3493.676854935373,31.40365200033557,33743.51024599992,112.95457679360831
1791236078,64,,Aggregated,72.000000,0.000000,830,4100,4700,5600,9500,16000,20000,28000,33000,34000,34000,49314,0,830,3493.676854935373,31.40365200033557,33743.51024599992,112.95457679360831
1791236079,64,,Aggregated,72.000000,0.000000,830,4100,4700,5600,9500,16000,20000,28000,33000,34000,34000,49314,0,830,3493.676854935373,31.40365200033557,33743.51024599992,112.95457679360831
1791236080,64,,Aggregated,70.600000,0.000000,820,4100,4700,5600,9500,16000,20000,28000,33000,34000,34000,49420,0,820,3487.8407020862205,31.40365200033557,33743.51024599992,112.92152974504249
1791236081,64,,Aggregated,70.600000,0.000000,820,4100,4700,5600,9500,16000,20000,28000,33000,34000,34000,49420,0,820,3487.8407020862205,31.40365200033557,33743.51024599992,112.92152974504249
1791236082,64,,Aggregated,70.600000,0.000000,820,4100,4700,5600,9500,16000,20000,28000,33000,34000,34000,49420,0,820,3487.8407020862205,31.40365200033557,33743.51024599992,112.92152974504249
1791236083,64,,Aggregated,60.800000,0.000000,820,4100,4700,5600,9500,16000,20000,28000,33000,34000,34000,49524,0,820,3482.910099676703,31.40365200033557,33743.51024599992,112.99933365640901
1791236084,64,,Aggregated,60.800000,0.000000,820,4100,4700,5600,9500,16000,20000,28000,33000,34000,34000,49524,0,820,3482.910099676703,31.40365200033557,33743.51024599992,112.99933365640901
1791236085,64,,Aggregated,60.800000,0.000000,820,4100,4700,5600,9500,16000,20000,28000,33000,34000,34000,49524,0,820,3482.910099676703,31.40365200033557,33743.51024599992,112.99933365640901
1791236086,64,,Aggregated,49.800000,0.000000,810,4100,4700,5600,9500,16000,20000,28000,33000,34000,34000,49662,0,810,3475.5935738172857,31.40365200033557,33743.51024599992,112.98115259151866
1791236087,64,,Aggregated,49.800000,0.000000,810,4100,4700,5600,9500,16000,20000,28000,33000,34000,34000,49662,0,810,3475.5935738172857,31.40365200033557,33743.51024599992,112.98115259151866
1791236088,64,,Aggregated,49.800000,0.000000,810,4100,4700,5600,9500,16000,20000,28000,33000,34000,34000,49662,0,810,3475.5935738172857,31.40365200033557,33743.51024599992,112.98115259151866
1791236089,64,,Aggregated,40.000000,0.000000,810,4100,4700,5600,9500,16000,20000,28000,33000,34000,34000,49772,0,810,3469.583534411016,31.40365200033557,33743.51024599992,112.94153339226875
1791236090,64,,Aggregated,40.000000,0.000000,810,4100,4700,5600,9500,16000,20000,28000,33000,34000,34000,49772,0,810,3469.583534411016,31.40365200033557,33743.51024599992,112.94153339226875
1791236091,64,,Aggregated,40.000000,0.000000,810,4100,4700,5600,9500,16000,20000,28000,33000,34000,34000,49772,0,810,3469.583534411016,31.40365200033557,33743.51024599992,112.94153339226875
1791236092,64,,Aggregated,38.000000,0.000000,800,4100,4700,5600,9500,16000,20000,28000,33000,34000,34000,49884,0,800,3464.118855567818,31.40365200033557,33743.51024599992,112.97774837623287
1791236093,64,,Aggregated,38.000000,0.000000,800,4100,4700,5600,9500,16000,20000,28000,33000,34000,34000,49884,0,800,3464.118855567818,31.40365200033557,33743.51024599992,112.97774837623287
1791236094,64,,Aggregated,38.000000,0.000000,800,4100,4700,5600,9500,16000,20000,28000,33000,34000,34000,49884,0,800,3464.118855567818,31.40365200033557,33743.51024599992,112.97774837623287
1791236095,64,,Aggregated,40.000000,0.000000,800,4100,4700,5600,9400,16000,20000,28000,33000,34000,34000,49998,0,800,3457.7946343799363,31.40365200033557,33743.51024599992,112.91121644865795
1791236096,64,,Aggregated,40.000000,0.000000,800,4100,4700,5600,9400,16000,20000,28000,33000,34000,34000,49998,0,800,3457.7946343799363,31.40365200033557,33743.51024599992,112.91121644865795
1791236097,64,,Aggregated,40.000000,0.000000,800,4100,4700,5600,9400,16000,20000,28000,33000,34000,34000,49998,0,800,3457.7946343799363,31.40365200033557,33743.51024599992,112.91121644865795
1791236098,64,,Aggregated,38.800000,0.000000,800,4100,4700,5600,9400,16000,20000,28000,33000,34000,34000,50116,0,800,3451.7982068866245,31.40365200033557,33743.51024599992,112.90819299225797
1791236099,64,,Aggregated,38.800000,0.000000,800,4100,4700,5600,9400,16000,20000,28000,33000,34000,34000,50116,0,800,3451.7982068866245,31.40365200033557,33743.51024599992,112.90819299225797
1791236100,64,,Aggregated,38.800000,0.000000,800,4100,4700,5600,9400,16000,20000,28000,33000,34000,34000,50116,0,800,3451.7982068866245,31.40365200033557,33743.51024599992,112.90819299225797
1791236101,64,,Aggregated,39.200000,0.000000,790,4100,4700,5600,9400,16000,20000,28000,33000,34000,34000,50226,0,790,3445.9569243089254,31.40365200033557,33743.51024599992,112.87134153625612
1791236102,64,,Aggregated,39.200000,0.000000,790,4100,4700,5600,9400,16000,20000,28000,33000,34000,34000,50226,0,790,3445.9569243089254,31.40365200033557,33743.51024599992,112.87134153625612
1791236103,64,,Aggregated,39.200000,0.000000,790,4100,4700,5600,9400,16000,20000,28000,33000,34000,34000,50226,0,790,3445.9569243089254,31.40365200033557,33743.51024599992,112.87134153625612
1791236104,64,,Aggregated,38.600000,0.000000,790,4000,4700,5600,9400,16000,20000,28000,33000,34000,34000,50330,0,790,3440.8801769765355,31.40365200033557,33743.51024599992,112.88670772898867
1791236105,64,,Aggregated,38.600000,0.000000,790,4000,4700,5600,9400,16000,20000,28000,33000,34000,34000,50330,0,790,3440.8801769765355,31.40365200033557,33743.51024599992,112.88670772898867
1791236106,64,,Aggregated,38.600000,0.000000,790,4000,4700,5600,9400,16000,20000,28000,33000,34000,34000,50330,0,790,3440.8801769765355,31.40365200033557,33743.51024599992,112.88670772898867
1791236107,64,,Aggregated,37.400000,0.000000,780,4000,4700,5500,9400,16000,19000,28000,33000,34000,34000,50434,0,780,3435.603782677996,31.40365200033557,33743.51024599992,112.87861363365984
1791236108,64,,Aggregated,37.400000,0.000000,780,4000,4700,5500,9400,16000,19000,28000,33000,34000,34000,50434,0,780,3435.603782677996,31.40365200033557,33743.51024599992,112.87861363365984
1791236109,64,,Aggregated,37.400000,0.000000,780,4000,4700,5500,9400,16000,19000,28000,33000,34000,34000,50434,0,780,3435.603782677996,31.40365200033557,33743.51024599992,112.87861363365984
1791236110,64,,Aggregated,41.400000,3.200000,780,4000,4700,5500,9400,16000,20000,28000,33000,34000,36000,50662,32,780,3442.8392921364944,31.40365200033557,35561.177872999906,112.6072598791994
1791236111,64,,Aggregated,41.400000,3.200000,780,4000,4700,5500,9400,16000,20000,28000,33000,34000,36000,50662,32,780,3442.8392921364944,31.40365200033557,35561.177872999906,112.6072598791994
1791236112,64,,Aggregated,41.400000,3.200000,780,4000,4700,5500,9400,16000,20000,28000,33000,34000,36000,50662,32,780,3442.8392921364944,31.40365200033557,35561.177872999906,112.6072598791994
1791236113,64,,Aggregated,48.800000,3.200000,770,4000,4700,5500,9400,16000,20000,28000,33000,34000,36000,50832,32,770,3435.047297566692,31.40365200033557,35561.177872999906,112.57328061063897
1791236114,64,,Aggregated,48.800000,3.200000,770,4000,4700,5500,9400,16000,20000,28000,33000,34000,36000,50832,32,770,3435.047297566692,31.40365200033557,35561.177872999906,112.57328061063897
1791236115,64,,Aggregated,48.800000,3.200000,770,4000,4700,5500,9400,16000,20000,28000,33000,34000,36000,50832,32,770,3435.047297566692,31.40365200033557,35561.177872999906,112.57328061063897
1791236116,64,,Aggregated,54.000000,3.200000,760,4000,4700,5500,9300,16000,20000,28000,33000,34000,36000,50984,32,760,3428.6139465247747,31.40365200033557,35561.177872999906,112.5773772163816
1791236117,64,,Aggregated,54.000000,3.200000,760,4000,4700,5500,9300,16000,20000,28000,33000,34000,36000,50984,32,760,3428.6139465247747,31.40365200033557,35561.177872999906,112.5773772163816
1791236118,64,,Aggregated,54.000000,3.200000,760,4000,4700,5500,9300,16000,20000,28000,33000,34000,36000,50984,32,760,3428.6139465247747,31.40365200033557,35561.177872999906,112.5773772163816
1791236119,64,,Aggregated,59.600000,3.200000,760,4000,4700,5500,9300,16000,20000,28000,33000,34000,36000,51152,32,760,3421.02882476658,31.40365200033557,35561.177872999906,112.54408429777916
1791236120,64,,Aggregated,59.600000,3.200000,760,4000,4700,5500,9300,16000,20000,28000,33000,34000,36000,51152,32,760,3421.02882476658,31.40365200033557,35561.177872999906,112.54408429777916
1791236121,64,,Aggregated,59.600000,3.200000,760,4000,4700,5500,9300,16000,20000,28000,33000,34000,36000,51152,32,760,3421.02882476658,31.40365200033557,35561.177872999906,112.54408429777916
1791236122,64,,Aggregated,55.800000,0.000000,760,4000,4700,5500,9300,16000,20000,28000,33000,34000,36000,51326,32,760,3413.3095084546835,31.40365200033557,35561.177872999906,112.52069126758369
1791236123,64,,Aggregated,55.800000,0.000000,760,4000,4700,5500,9300,16000,20000,28000,33000,34000,36000,51326,32,760,3413.3095084546835,31.40365200033557,35561.177872999906,112.52069126758369
1791236124,64,,Aggregated,55.800000,0.000000,760,4000,4700,5500,9300,16000,20000,28000,33000,34000,36000,51326,32,760,3413.3095084546835,31.40365200033557,35561.177872999906,112.52069126758369
1791236125,64,,Aggregated,54.600000,0.000000,750,4000,4700,5500,9200,16000,20000,28000,33000,34000,36000,51458,32,750,3407.8533197075108,31.40365200033557,35561.177872999906,112.5472812779354
1791236126,64,,Aggregated,54.600000,0.000000,750,4000,4700,5500,9200,16000,20000,28000,33000,34000,36000,51458,32,750,3407.8533197075108,31.40365200033557,35561.177872999906,112.5472812779354
1791236127,64,,Aggregated,54.600000,0.000000,750,4000,4700,5500,9200,16000,20000,28000,33000,34000,36000,51458,32,750,3407.8533197075108,31.40365200033557,35561.177872999906,112.5472812779354
1791236128,64,,Aggregated,53.800000,0.000000,740,4000,4700,5500,9200,16000,20000,28000,33000,34000,36000,51616,32,740,3401.3436797814447,31.40365200033557,35561.177872999906,112.58175759454433
1791236129,64,,Aggregated,53.800000,0.000000,740,4000,4700,5500,9200,16000,20000,28000,33000,34000,36000,51616,32,740,3401.3436797814447,31.40365200033557,35561.177872999906,112.58175759454433
1791236130,64,,Aggregated,53.800000,0.000000,740,4000,4700,5500,9200,16000,20000,28000,33000,34000,36000,51616,32,740,3401.3436797814447,31.40365200033557,35561.177872999906,112.58175759454433
1791236131,64,,Aggregated,52.600000,0.000000,740,4000,4700,5500,9200,16000,20000,28000,33000,34000,36000,51792,32,740,3394.114723217679,31.40365200033557,35561.177872999906,112.60949567500772
1791236132,64,,Aggregated,52.600000,0.000000,740,4000,4700,5500,9200,16000,20000,28000,33000,34000,36000,51792,32,740,3394.114723217679,31.40365200033557,35561.177872999906,112.60949567500772
1791236133,64,,Aggregated,52.600000,0.000000,740,4000,4700,5500,9200,16000,20000,28000,33000,34000,36000,51792,32,740,3394.114723217679,31.40365200033557,35561.177872999906,112.60949567500772
1791236134,64,,Aggregated,51.600000,0.000000,730,4000,4600,5500,9100,16000,19000,28000,33000,34000,36000,51958,32,730,3386.9629563580393,31.40365200033557,35561.177872999906,112.58776319334848
1791236135,64,,Aggregated,51.600000,0.000000,730,4000,4600,5500,9100,16000,19000,28000,33000,34000,36000,51958,32,730,3386.9629563580393,31.40365200033557,35561.177872999906,112.58776319334848
1791236136,64,,Aggregated,51.600000,0.000000,730,4000,4600,5500,9100,16000,19000,28000,33000,34000,36000,51958,32,730,3386.9629563580393,31.40365200033557,35561.177872999906,112.58776319334848
1791236137,64,,Aggregated,54.200000,0.000000,730,4000,4600,5400,9100,16000,19000,28000,33000,34000,36000,52128,32,730,3379.7589171513005,31.40365200033557,35561.177872999906,112.58187538367096
1791236138,64,,Aggregated,54.200000,0.000000,730,4000,4600,5400,9100,16000,19000,28000,33000,34000,36000,52128,32,730,3379.7589171513005,31.40365200033557,35561.177872999906,112.58187538367096
1791236139,64,,Aggregated,54.200000,0.000000,730,4000,4600,5400,9100,16000,19000,28000,33000,34000,36000,52128,32,730,3379.7589171513005,31.40365200033557,35561.177872999906,112.58187538367096
1791236140,64,,Aggregated,56.600000,0.000000,720,3900,4600,5400,9100,16000,19000,28000,33000,34000,36000,52282,32,720,3373.1454668111965,31.40365200033557,35561.177872999906,112.56365479514938
1791236141,64,,Aggregated,56.600000,0.000000,720,3900,4600,5400,9100,16000,19000,28000,33000,34000,36000,52282,32,720,3373.1454668111965,31.40365200033557,35561.177872999906,112.56365479514938
1791236142,64,,Aggregated,56.600000,0.000000,720,3900,4600,5400,9100,16000,19000,28000,33000,34000,36000,52282,32,720,3373.1454668111965,31.40365200033557,35561.177872999906,112.56365479514938
1791236143,64,,Aggregated,54.800000,0.000000,720,3900,4600,5400,9000,16000,19000,28000,33000,34000,36000,52462,32,720,3365.829354584346,31.40365200033557,35561.177872999906,112.56637185010102
1791236144,64,,Aggregated,54.800000,0.000000,720,3900,4600,5400,9000,16000,19000,28000,33000,34000,36000,52462,32,720,3365.829354584346,31.40365200033557,35561.177872999906,112.56637185010102
1791236145,64,,Aggregated,54.800000,0.000000,720,3900,4600,5400,9000,16000,19000,28000,33000,34000,36000,52462,32,720,3365.829354584346,31.40365200033557,35561.177872999906,112.56637185010102
1791236146,64,,Aggregated,55.200000,0.000000,720,3900,4600,5400,9000,16000,19000,28000,33000,34000,36000,52634,32,720,3358.295475000797,31.40365200033557,35561.177872999906,112.514648326177
1791236147,64,,Aggregated,55.200000,0.000000,720,3900,4600,5400,9000,16000,19000,28000,33000,34000,36000,52634,32,720,3358.295475000797,31.40365200033557,35561.177872999906,112.514648326177
1791236148,64,,Aggregated,55.200000,0.000000,720,3900,4600,5400,9000,16000,19000,28000,33000,34000,36000,52634,32,720,3358.295475000797,31.40365200033557,35561.177872999906,112.514648326177
1791236149,64,,Aggregated,56.400000,0.000000,710,3900,4600,5400,9000,16000,19000,28000,33000,34000,36000,52798,32,710,3351.8710147610127,31.40365200033557,35561.177872999906,112.52761468237433
1791236150,64,,Aggregated,56.400000,0.000000,710,3900,4600,5400,9000,16000,19000,28000,33000,34000,36000,52798,32,710,3351.8710147610127,31.40365200033557,35561.177872999906,112.52761468237433
1791236151,64,,Aggregated,56.400000,0.000000,710,3900,4600,5400,9000,16000,19000,28000,33000,34000,36000,52798,32,710,3351.8710147610127,31.40365200033557,35561.177872999906,112.52761468237433
1791236152,64,,Aggregated,57.800000,0.000000,710,3900,4600,5400,8900,15000,19000,28000,33000,34000,36000,52982,32,710,3343.9298893364344,31.40365200033557,35561.177872999906,112.46948020082291
1791236153,64,,Aggregated,57.800000,0.000000,710,3900,4600,5400,8900,15000,19000,28000,33000,34000,36000,52982,32,710,3343.9298893364344,31.40365200033557,35561.177872999906,112.46948020082291
1791236154,64,,Aggregated,57.800000,0.000000,710,3900,4600,5400,8900,15000,19000,28000,33000,34000,36000,52982,32,710,3343.9298893364344,31.40365200033557,35561.177872999906,112.46948020082291
1791236155,64,,Aggregated,56.200000,0.000000,700,3900,4600,5400,8900,15000,19000,28000,33000,34000,36000,53126,32,700,3338.1977840040645,31.40365200033557,35561.177872999906,112.47040996875353
1791236156,64,,Aggregated,56.200000,0.000000,700,3900,4600,5400,8900,15000,19000,28000,33000,34000,36000,53126,32,700,3338.1977840040645,31.40365200033557,35561.177872999906,112.47040996875353
1791236157,64,,Aggregated,56.200000,0.000000,700,3900,4600,5400,8900,15000,19000,28000,33000,34000,36000,53126,32,700,3338.1977840040645,31.40365200033557,35561.177872999906,112.47040996875353
1791236158,64,,Aggregated,55.200000,0.000000,700,3900,4600,5400,8900,15000,19000,28000,33000,34000,36000,53284,32,700,3331.740939181835,31.40365200033557,35561.177872999906,112.45921852713761
1791236159,64,,Aggregated,55.200000,0.000000,700,3900,4600,5400,8900,15000,19000,28000,33000,34000,36000,53284,32,700,3331.740939181835,31.40365200033557,35561.177872999906,112.45921852713761
1791236160,64,,Aggregated,55.200000,0.000000,700,3900,4600,5400,8900,15000,19000,28000,33000,34000,36000,53284,32,700,3331.740939181835,31.40365200033557,35561.177872999906,112.45921852713761
1791236161,64,,Aggregated,55.800000,0.000000,700,3900,4600,5400,8800,15000,19000,28000,33000,34000,36000,53462,32,700,3324.78361248352,31.40365200033557,35561.177872999906,112.47454266581872
1791236162,64,,Aggregated,55.800000,0.000000,700,3900,4600,5400,8800,15000,19000,28000,33000,34000,36000,53462,32,700,3324.78361248352,31.40365200033557,35561.177872999906,112.47454266581872
1791236163,64,,Aggregated,55.800000,0.000000,700,3900,4600,5400,8800,15000,19000,28000,33000,34000,36000,53462,32,700,3324.78361248352,31.40365200033557,35561.177872999906,112.47454266581872
1791236164,64,,Aggregated,52.400000,0.000000,690,3800,4600,5400,8800,15000,19000,28000,33000,34000,36000,53612,32,690,3318.922271506285,31.40365200033557,35561.177872999906,112.4755838245169
1791236165,64,,Aggregated,52.400000,0.000000,690,3800,4600,5400,8800,15000,19000,28000,33000,34000,36000,53612,32,690,3318.922271506285,31.40365200033557,35561.177872999906,112.4755838245169
1791236166,64,,Aggregated,52.400000,0.000000,690,3800,4600,5400,8800,15000,19000,28000,33000,34000,36000,53612,32,690,3318.922271506285,31.40365200033557,35561.177872999906,112.4755838245169
1791236167,64,,Aggregated,53.200000,0.000000,690,3800,4600,5300,8700,15000,19000,28000,33000,34000,36000,53782,32,690,3312.158626535104,31.40365200033557,35561.177872999906,112.45305120672344
1791236168,64,,Aggregated,53.200000,0.000000,690,3800,4600,5300,8700,15000,19000,28000,33000,34000,36000,53782,32,690,3312.158626535104,31.40365200033557,35561.177872999906,112.45305120672344
1791236169,64,,Aggregated,53.200000,0.000000,690,3800,4600,5300,8700,15000,19000,28000,33000,34000,36000,53782,32,690,3312.158626535104,31.40365200033557,35561.177872999906,112.45305120672344
1791236170,64,,Aggregated,54.600000,0.000000,690,3800,4600,5300,8600,15000,19000,28000,33000,34000,36000,53962,32,690,3305.394116300619,31.40365200033557,35561.177872999906,112.46084281531448
1791236171,64,,Aggregated,54.600000,0.000000,690,3800,4600,5300,8600,15000,19000,28000,33000,34000,36000,53962,32,690,3305.394116300619,31.40365200033557,35561.177872999906,112.46084281531448
1791236172,64,,Aggregated,54.600000,0.000000,690,3800,4600,5300,8600,15000,19000,28000,33000,34000,36000,53962,32,690,3305.394116300619,31.40365200033557,35561.177872999906,112.46084281531448
1791236173,64,,Aggregated,56.200000,0.000000,680,3800,4600,5300,8600,15000,19000,28000,33000,34000,36000,54120,32,680,3298.6379722128786,31.40365200033557,35561.177872999906,112.39637841832963
1791236174,64,,Aggregated,56.200000,0.000000,680,3800,4600,5300,8600,15000,19000,28000,33000,34000,36000,54120,32,680,3298.6379722128786,31.40365200033557,35561.177872999906,112.39637841832963
1791236175,64,,Aggregated,56.200000,0.000000,680,3800,4600,5300,8600,15000,19000,28000,33000,34000,36000,54120,32,680,3298.6379722128786,31.40365200033557,35561.177872999906,112.39637841832963
1791236176,64,,Aggregated,56.200000,0.000000,680,3800,4600,5300,8500,15000,19000,28000,33000,34000,36000,54294,32,680,3291.772538683906,31.40365200033557,35561.177872999906,112.37333775371127
1791236177,64,,Aggregated,56.200000,0.000000,680,3800,4600,5300,8500,15000,19000,28000,33000,34000,36000,54294,32,680,3291.772538683906,31.40365200033557,35561.177872999906,112.37333775371127
1791236178,64,,Aggregated,56.200000,0.000000,680,3800,4600,5300,8500,15000,19000,28000,33000,34000,36000,54294,32,680,3291.772538683906,31.40365200033557,35561.177872999906,112.37333775371127
1791236179,64,,Aggregated,57.200000,0.000000,680,3700,4600,5300,8500,15000,19000,28000,33000,34000,36000,54448,32,680,3286.389143572234,31.40365200033557,35561.177872999906,112.41417499265354
1791236180,64,,Aggregated,57.200000,0.000000,680,3700,4600,5300,8500,15000,19000,28000,33000,34000,36000,54448,32,680,3286.389143572234,31.40365200033557,35561.177872999906,112.41417499265354
1791236181,64,,Aggregated,57.200000,0.000000,680,3700,4600,5300,8500,15000,19000,28000,33000,34000,36000,54448,32,680,3286.389143572234,31.40365200033557,35561.177872999906,112.41417499265354
1791236182,64,,Aggregated,54.800000,0.000000,670,3700,4600,5300,8400,15000,19000,28000,33000,34000,36000,54600,32,670,3280.054979952399,31.40365200033557,35561.177872999906,112.36338827838829
1791236183,64,,Aggregated,54.800000,0.000000,670,3700,4600,5300,8400,15000,19000,28000,33000,34000,36000,54600,32,670,3280.054979952399,31.40365200033557,35561.177872999906,112.36338827838829
1791236184,64,,Aggregated,54.800000,0.000000,670,3700,4600,5300,8400,15000,19000,28000,33000,34000,36000,54600,32,670,3280.054979952399,31.40365200033557,35561.177872999906,112.36338827838829
1791236185,64,,Aggregated,53.000000,0.000000,670,3700,4600,5300,8400,15000,19000,28000,33000,34000,36000,54750,32,670,3274.681269303708,31.40365200033557,35561.177872999906,112.40973515981734
1791236186,64,,Aggregated,53.000000,0.000000,670,3700,4600,5300,8400,15000,19000,28000,33000,34000,36000,54750,32,670,3274.681269303708,31.40365200033557,35561.177872999906,112.40973515981734
1791236187,64,,Aggregated,53.000000,0.000000,670,3700,4600,5300,8400,15000,19000,28000,33000,34000,36000,54750,32,670,3274.681269303708,31.40365200033557,35561.177872999906,112.40973515981734
1791236188,64,,Aggregated,51.800000,0.000000,670,3600,4600,5300,8300,15000,19000,28000,33000,34000,36000,54922,32,670,3268.8063913909737,31.40365200033557,35561.177872999906,112.47949819744365
1791236189,64,,Aggregated,51.800000,0.000000,670,3600,4600,5300,8300,15000,19000,28000,33000,34000,36000,54922,32,670,3268.8063913909737,31.40365200033557,35561.177872999906,112.47949819744365
1791236190,64,,Aggregated,51.800000,0.000000,670,3600,4600,5300,8300,15000,19000,28000,33000,34000,36000,54922,32,670,3268.8063913909737,31.40365200033557,35561.177872999906,112.47949819744365
1791236191,64,,Aggregated,51.600000,0.000000,670,3600,4600,5300,8300,15000,19000,28000,33000,34000,36000,55076,32,670,3263.206484686035,31.40365200033557,35561.177872999906,112.49600551964558
1791236192,64,,Aggregated,51.600000,0.000000,670,3600,4600,5300,8300,15000,19000,28000,33000,34000,36000,55076,32,670,3263.206484686035,31.40365200033557,35561.177872999906,112.49600551964558
1791236193,64,,Aggregated,51.600000,0.000000,670,3600,4600,5300,8300,15000,19000,28000,33000,34000,36000,55076,32,670,3263.206484686035,31.40365200033557,35561.177872999906,112.49600551964558
1791236194,64,,Aggregated,51.200000,0.000000,660,3600,4600,5300,8300,15000,19000,28000,33000,34000,36000,55222,32,660,3257.4591532024565,31.40365200033557,35561.177872999906,112.46798377458259
1791236195,64,,Aggregated,51.200000,0.000000,660,3600,4600,5300,8300,15000,19000,28000,33000,34000,36000,55222,32,660,3257.4591532024565,31.40365200033557,35561.177872999906,112.46798377458259
1791236196,64,,Aggregated,51.200000,0.000000,660,3600,4600,5300,8300,15000,19000,28000,33000,34000,36000,55222,32,660,3257.4591532024565,31.40365200033557,35561.177872999906,112.46798377458259
1791236197,64,,Aggregated,51.600000,0.000000,660,3500,4600,5200,8300,15000,19000,28000,33000,34000,36000,55390,32,660,3251.406393044377,31.40365200033557,35561.177872999906,112.48302942769453
1791236198,64,,Aggregated,51.600000,0.000000,660,3500,4600,5200,8300,15000,19000,28000,33000,34000,36000,55390,32,660,3251.406393044377,31.40365200033557,35561.177872999906,112.48302942769453
1791236199,64,,Aggregated,51.600000,0.000000,660,3500,4600,5200,8300,15000,19000,28000,33000,34000,36000,55390,32,660,3251.406393044377,31.40365200033557,35561.177872999906,112.48302942769453
1791236200,64,,Aggregated,52.800000,0.000000,660,3500,4500,5200,8200,15000,19000,28000,33000,34000,36000,55564,32,660,3245.041424214439,31.40365200033557,35561.177872999906,112.47672953711036
1791236201,64,,Aggregated,52.800000,0.000000,660,3500,4500,5200,8200,15000,19000,28000,33000,34000,36000,55564,32,660,3245.041424214439,31.40365200033557,35561.177872999906,112.47672953711036
1791236202,64,,Aggregated,52.800000,0.000000,660,3500,4500,5200,8200,15000,19000,28000,33000,34000,36000,55564,32,660,3245.041424214439,31.40365200033557,35561.177872999906,112.47672953711036
1791236203,64,,Aggregated,54.000000,0.000000,660,3400,4500,5200,8200,15000,19000,28000,33000,34000,36000,55718,32,660,3239.4014452365136,31.40365200033557,35561.177872999906,112.46773035643777
1791236204,64,,Aggregated,54.000000,0.000000,660,3400,4500,5200,8200,15000,19000,28000,33000,34000,36000,55718,32,660,3239.4014452365136,31.40365200033557,35561.177872999906,112.46773035643777
1791236205,64,,Aggregated,54.000000,0.000000,660,3400,4500,5200,8200,15000,19000,28000,33000,34000,36000,55718,32,660,3239.4014452365136,31.40365200033557,35561.177872999906,112.46773035643777
1791236206,64,,Aggregated,53.000000,0.000000,650,3400,4500,5200,8200,15000,19000,28000,33000,34000,36000,55862,32,650,3234.1417072678037,31.40365200033557,35561.177872999906,112.45383265905267
1791236207,64,,Aggregated,53.000000,0.000000,650,3400,4500,5200,8200,15000,19000,28000,33000,34000,36000,55862,32,650,3234.1417072678037,31.40365200033557,35561.177872999906,112.45383265905267
1791236208,64,,Aggregated,53.000000,0.000000,650,3400,4500,5200,8200,15000,19000,28000,33000,34000,36000,55862,32,650,3234.1417072678037,31.40365200033557,35561.177872999906,112.45383265905267
1791236209,64,,Aggregated,54.000000,0.000000,650,3400,4500,5200,8200,15000,19000,28000,33000,34000,36000,56042,32,650,3227.428739310644,31.40365200033557,35561.177872999906,112.43422790050319
1791236210,64,,Aggregated,54.000000,0.000000,650,3400,4500,5200,8200,15000,19000,28000,33000,34000,36000,56042,32,650,3227.428739310644,31.40365200033557,35561.177872999906,112.43422790050319
1791236211,64,,Aggregated,54.000000,0.000000,650,3400,4500,5200,8200,15000,19000,28000,33000,34000,36000,56042,32,650,3227.428739310644,31.40365200033557,35561.177872999906,112.43422790050319
1791236212,64,,Aggregated,53.000000,0.000000,650,3300,4500,5200,8100,15000,19000,28000,33000,34000,36000,56204,32,650,3221.800666353802,31.40365200033557,35561.177872999906,112.4508220055512
1791236213,64,,Aggregated,53.000000,0.000000,650,3300,4500,5200,8100,15000,19000,28000,33000,34000,36000,56204,32,650,3221.800666353802,31.40365200033557,35561.177872999906,112.4508220055512
1791236214,64,,Aggregated,53.000000,0.000000,650,3300,4500,5200,8100,15000,19000,28000,33000,34000,36000,56204,32,650,3221.800666353802,31.40365200033557,35561.177872999906,112.4508220055512
1791236215,64,,Aggregated,56.000000,0.000000,650,3300,4500,5200,8100,15000,19000,28000,33000,34000,36000,56330,32,650,3217.321744674917,31.40365200033557,35561.177872999906,112.4500266287946
1791236216,64,,Aggregated,56.000000,0.000000,650,3300,4500,5200,8100,15000,19000,28000,33000,34000,36000,56330,32,650,3217.321744674917,31.40365200033557,35561.177872999906,112.4500266287946
1791236217,64,,Aggregated,56.000000,0.000000,650,3300,4500,5200,8100,15000,19000,28000,33000,34000,36000,56330,32,650,3217.321744674917,31.40365200033557,35561.177872999906,112.4500266287946
1791236218,64,,Aggregated,51.400000,0.000000,640,3200,4500,5200,8100,15000,19000,28000,33000,34000,36000,56522,32,640,3210.4797667036387,31.40365200033557,35561.177872999906,112.43575952726373
1791236219,64,,Aggregated,51.400000,0.000000,640,3200,4500,5200,8100,15000,19000,28000,33000,34000,36000,56522,32,640,3210.4797667036387,31.40365200033557,35561.177872999906,112.43575952726373
1791236220,64,,Aggregated,51.400000,0.000000,640,3200,4500,5200,8100,15000,19000,28000,33000,34000,36000,56522,32,640,3210.4797667036387,31.40365200033557,35561.177872999906,112.43575952726373
1791236221,64,,Aggregated,53.000000,0.000000,640,3200,4500,5200,8100,15000,19000,28000,33000,34000,36000,56662,32,640,3205.9250445918274,31.40365200033557,35561.177872999906,112.47190356852917
1791236222,64,,Aggregated,53.000000,0.000000,640,3200,4500,5200,8100,15000,19000,28000,33000,34000,36000,56662,32,640,3205.9250445918274,31.40365200033557,35561.177872999906,112.47190356852917
1791236223,64,,Aggregated,53.000000,0.000000,640,3200,4500,5200,8100,15000,19000,28000,33000,34000,36000,56662,32,640,3205.9250445918274,31.40365200033557,35561.177872999906,112.47190356852917
1791236224,64,,Aggregated,50.400000,0.000000,640,3200,4500,5200,8100,15000,19000,28000,33000,34000,36000,56790,32,640,3201.9645572538325,31.40365200033557,35561.177872999906,112.53873921465046
1791236225,64,,Aggregated,50.400000,0.000000,640,3200,4500,5200,8100,15000,19000,28000,33000,34000,36000,56790,32,640,3201.9645572538325,31.40365200033557,35561.177872999906,112.53873921465046
1791236226,64,,Aggregated,50.400000,0.000000,640,3200,4500,5200,8100,15000,19000,28000,33000,34000,36000,56790,32,640,3201.9645572538325,31.40365200033557,35561.177872999906,112.53873921465046
1791236227,64,,Aggregated,50.000000,0.000000,640,3200,4500,5200,8100,15000,19000,28000,33000,34000,36000,56958,32,640,3196.544571463327,31.40365200033557,35561.177872999906,112.58866182099091
1791236228,64,,Aggregated,50.000000,0.000000,640,3200,4500,5200,8100,15000,19000,28000,33000,34000,36000,56958,32,640,3196.544571463327,31.40365200033557,35561.177872999906,112.58866182099091
1791236229,64,,Aggregated,50.000000,0.000000,640,3200,4500,5200,8100,15000,19000,28000,33000,34000,36000,56958,32,640,3196.544571463327,31.40365200033557,35561.177872999906,112.58866182099091
1791236230,64,,Aggregated,49.000000,0.000000,630,3100,4500,5200,8000,15000,19000,28000,33000,34000,36000,57124,32,630,3190.510565958392,31.40365200033557,35561.177872999906,112.567502275751
1791236231,64,,Aggregated,49.000000,0.000000,630,3100,4500,5200,8000,15000,19000,28000,33000,34000,36000,57124,32,630,3190.510565958392,31.40365200033557,35561.177872999906,112.567502275751
1791236232,64,,Aggregated,49.000000,0.000000,630,3100,4500,5200,8000,15000,19000,28000,33000,34000,36000,57124,32,630,3190.510565958392,31.40365200033557,35561.177872999906,112.567502275751
1791236233,64,,Aggregated,50.000000,0.000000,630,3100,4500,5100,8000,15000,19000,28000,33000,34000,36000,57276,32,630,3185.2618749942762,31.40365200033557,35561.177872999906,112.57490048187722
1791236234,64,,Aggregated,50.000000,0.000000,630,3100,4500,5100,8000,15000,19000,28000,33000,34000,36000,57276,32,630,3185.2618749942762,31.40365200033557,35561.177872999906,112.57490048187722
1791236235,64,,Aggregated,50.000000,0.000000,630,3100,4500,5100,8000,15000,19000,28000,33000,34000,36000,57276,32,630,3185.2618749942762,31.40365200033557,35561.177872999906,112.57490048187722
1791236236,64,,Aggregated,52.200000,0.000000,630,3100,4500,5100,8000,15000,19000,28000,33000,34000,36000,57442,32,630,3179.550854165631,31.40365200033557,35561.177872999906,112.58445040214477
1791236237,64,,Aggregated,52.200000,0.000000,630,3100,4500,5100,8000,15000,19000,28000,33000,34000,36000,57442,32,630,3179.550854165631,31.40365200033557,35561.177872999906,112.58445040214477
1791236238,64,,Aggregated,52.200000,0.000000,630,3100,4500,5100,8000,15000,19000,28000,33000,34000,36000,57442,32,630,3179.550854165631,31.40365200033557,35561.177872999906,112.58445040214477
1791236239,64,,Aggregated,55.000000,0.000000,620,3000,4500,5100,8000,15000,19000,28000,33000,34000,36000,57608,32,620,3174.1253597411333,31.40365200033557,35561.177872999906,112.60495070129149
1791236240,64,,Aggregated,55.000000,0.000000,620,3000,4500,5100,8000,15000,19000,28000,33000,34000,36000,57608,32,620,3174.1253597411333,31.40365200033557,35561.177872999906,112.60495070129149
1791236241,64,,Aggregated,55.000000,0.000000,620,3000,4500,5100,8000,15000,19000,28000,33000,34000,36000,57608,32,620,3174.1253597411333,31.40365200033557,35561.177872999906,112.60495070129149
1791236242,64,,Aggregated,53.400000,0.000000,620,3000,4500,5100,8000,15000,19000,28000,33000,34000,36000,57754,32,620,3169.1889421407213,31.40365200033557,35561.177872999906,112.61024344634139
1791236243,64,,Aggregated,53.400000,0.000000,620,3000,4500,5100,8000,15000,19000,28000,33000,34000,36000,57754,32,620,3169.1889421407213,31.40365200033557,35561.177872999906,112.61024344634139
1791236244,64,,Aggregated,53.400000,0.000000,620,3000,4500,5100,8000,15000,19000,28000,33000,34000,36000,57754,32,620,3169.1889421407213,31.40365200033557,35561.177872999906,112.61024344634139
1791236245,64,,Aggregated,53.800000,0.000000,620,3000,4500,5100,8000,15000,19000,27000,33000,34000,36000,57906,32,620,3164.146899169399,31.40365200033557,35561.177872999906,112.63029737851
1791236246,64,,Aggregated,53.800000,0.000000,620,3000,4500,5100,8000,15000,19000,27000,33000,34000,36000,57906,32,620,3164.146899169399,31.40365200033557,35561.177872999906,112.63029737851
1791236247,64,,Aggregated,53.800000,0.000000,620,3000,4500,5100,8000,15000,19000,27000,33000,34000,36000,57906,32,620,3164.146899169399,31.40365200033557,35561.177872999906,112.63029737851
1791236248,64,,Aggregated,52.200000,0.000000,610,3000,4500,5100,8000,15000,19000,27000,33000,34000,36000,58056,32,610,3159.2737814403376,31.40365200033557,35561.177872999906,112.65476436544026
1791236249,64,,Aggregated,52.200000,0.000000,610,3000,4500,5100,8000,15000,19000,27000,33000,34000,36000,58056,32,610,3159.2737814403376,31.40365200033557,35561.177872999906,112.65476436544026
1791236250,64,,Aggregated,52.200000,0.000000,610,3000,4500,5100,8000,15000,19000,27000,33000,34000,36000,58056,32,610,3159.2737814403376,31.40365200033557,35561.177872999906,112.65476436544026
1791236251,64,,Aggregated,50.800000,0.000000,610,3000,4500,5100,7900,15000,19000,27000,33000,34000,36000,58230,32,610,3153.3848521482087,31.40365200033557,35561.177872999906,112.6529967370771
1791236252,64,,Aggregated,50.800000,0.000000,610,3000,4500,5100,7900,15000,19000,27000,33000,34000,36000,58230,32,610,3153.3848521482087,31.40365200033557,35561.177872999906,112.6529967370771
1791236253,64,,Aggregated,50.800000,0.000000,610,3000,4500,5100,7900,15000,19000,27000,33000,34000,36000,58230,32,610,3153.3848521482087,31.40365200033557,35561.177872999906,112.6529967370771
1791236254,64,,Aggregated,52.200000,0.000000,610,3000,4500,5100,7900,15000,19000,27000,33000,34000,36000,58412,32,610,3147.4187328685234,31.40365200033557,35561.177872999906,112.64798329110457
1791236255,64,,Aggregated,52.200000,0.000000,610,3000,4500,5100,7900,15000,19000,27000,33000,34000,36000,58412,32,610,3147.4187328685234,31.40365200033557,35561.177872999906,112.64798329110457
1791236256,64,,Aggregated,52.200000,0.000000,610,3000,4500,5100,7900,15000,19000,27000,33000,34000,36000,58412,32,610,3147.4187328685234,31.40365200033557,35561.177872999906,112.64798329110457
1791236257,64,,Aggregated,55.600000,0.000000,610,2900,4500,5100,7900,15000,19000,27000,33000,34000,36000,58572,32,610,3141.808262453172,31.40365200033557,35561.177872999906,112.61167452024858
1791236258,64,,Aggregated,55.600000,0.000000,610,2900,4500,5100,7900,15000,19000,27000,33000,34000,36000,58572,32,610,3141.808262453172,31.40365200033557,35561.177872999906,112.61167452024858
1791236259,64,,Aggregated,55.600000,0.000000,610,2900,4500,5100,7900,15000,19000,27000,33000,34000,36000,58572,32,610,3141.808262453172,31.40365200033557,35561.177872999906,112.61167452024858
1791236260,64,,Aggregated,55.600000,0.000000,600,2900,4500,5100,7900,15000,19000,27000,33000,34000,36000,58696,32,600,3138.1243019522663,31.40365200033557,35561.177872999906,112.63886806596702
1791236261,64,,Aggregated,55.600000,0.000000,600,2900,4500,5100,7900,15000,19000,27000,33000,34000,36000,58696,32,600,3138.1243019522663,31.40365200033557,35561.177872999906,112.63886806596702
1791236262,64,,Aggregated,55.600000,0.000000,600,2900,4500,5100,7900,15000,19000,27000,33000,34000,36000,58696,32,600,3138.1243019522663,31.40365200033557,35561.177872999906,112.63886806596702
1791236263,64,,Aggregated,52.200000,0.000000,600,2900,4500,5100,7900,15000,19000,27000,33000,34000,36000,58856,32,600,3133.4649322026,31.40365200033557,35561.177872999906,112.68524874269403
1791236264,64,,Aggregated,52.200000,0.000000,600,2900,4500,5100,7900,15000,19000,27000,33000,34000,36000,58856,32,600,3133.4649322026,31.40365200033557,35561.177872999906,112.68524874269403
1791236265,64,,Aggregated,52.200000,0.000000,600,2900,4500,5100,7900,15000,19000,27000,33000,34000,36000,58856,32,600,3133.4649322026,31.40365200033557,35561.177872999906,112.68524874269403
1791236266,64,,Aggregated,50.600000,0.000000,600,2900,4500,5000,7900,15000,19000,27000,33000,34000,36000,59016,32,600,3128.1617366816317,31.40365200033557,35561.177872999906,112.6700555781483
1791236267,64,,Aggregated,50.600000,0.000000,600,2900,4500,5000,7900,15000,19000,27000,33000,34000,36000,59016,32,600,3128.1617366816317,31.40365200033557,35561.177872999906,112.6700555781483
1791236268,64,,Aggregated,50.600000,0.000000,600,2900,4500,5000,7900,15000,19000,27000,33000,34000,36000,59016,32,600,3128.1617366816317,31.40365200033557,35561.177872999906,112.6700555781483
1791236269,64,,Aggregated,49.800000,0.000000,600,2900,4500,5000,7900,15000,19000,27000,33000,34000,36000,59204,32,600,3121.9320802419966,31.40365200033557,35561.177872999906,112.65617188027836
1791236270,64,,Aggregated,49.800000,0.000000,600,2900,4500,5000,7900,15000,19000,27000,33000,34000,36000,59204,32,600,3121.9320802419966,31.40365200033557,35561.177872999906,112.65617188027836
1791236271,64,,Aggregated,49.800000,0.000000,600,2900,4500,5000,7900,15000,19000,27000,33000,34000,36000,59204,32,600,3121.9320802419966,31.40365200033557,35561.177872999906,112.65617188027836
1791236272,64,,Aggregated,55.800000,0.000000,590,2900,4400,5000,7900,15000,19000,27000,33000,34000,36000,59358,32,590,3116.649800015249,31.40365200033557,35561.177872999906,112.62717746554803
1791236273,64,,Aggregated,55.800000,0.000000,590,2900,4400,5000,7900,15000,19000,27000,33000,34000,36000,59358,32,590,3116.649800015249,31.40365200033557,35561.177872999906,112.62717746554803
1791236274,64,,Aggregated,55.800000,0.000000,590,2900,4400,5000,7900,15000,19000,27000,33000,34000,36000,59358,32,590,3116.649800015249,31.40365200033557,35561.177872999906,112.62717746554803
1791236275,64,,Aggregated,56.400000,0.000000,590,2800,4400,5000,7900,15000,19000,27000,33000,34000,36000,59508,32,590,3112.202695588915,31.40365200033557,35561.177872999906,112.66601129259931
1791236276,64,,Aggregated,56.400000,0.000000,590,2800,4400,5000,7900,15000,19000,27000,33000,34000,36000,59508,32,590,3112.202695588915,31.40365200033557,35561.177872999906,112.66601129259931
1791236277,64,,Aggregated,56.400000,0.000000,590,2800,4400,5000,7900,15000,19000,27000,33000,34000,36000,59508,32,590,3112.202695588915,31.40365200033557,35561.177872999906,112.66601129259931
1791236278,64,,Aggregated,55.800000,0.000000,590,2800,4400,5000,7900,15000,19000,27000,33000,34000,36000,59676,32,590,3106.475395139941,31.40365200033557,35561.177872999906,112.6254608217709
1791236279,64,,Aggregated,55.800000,0.000000,590,2800,4400,5000,7900,15000,19000,27000,33000,34000,36000,59676,32,590,3106.475395139941,31.40365200033557,35561.177872999906,112.6254608217709
1791236280,64,,Aggregated,55.800000,0.000000,590,2800,4400,5000,7900,15000,19000,27000,33000,34000,36000,59676,32,590,3106.475395139941,31.40365200033557,35561.177872999906,112.6254608217709
1791236281,64,,Aggregated,53.000000,0.000000,580,2800,4400,5000,7900,15000,19000,27000,33000,34000,36000,59842,32,580,3101.3440675063025,31.40365200033557,35561.177872999906,112.62670031081849
1791236282,64,,Aggregated,53.000000,0.000000,580,2800,4400,5000,7900,15000,19000,27000,33000,34000,36000,59842,32,580,3101.3440675063025,31.40365200033557,35561.177872999906,112.62670031081849
1791236283,64,,Aggregated,53.000000,0.000000,580,2800,4400,5000,7900,15000,19000,27000,33000,34000,36000,59842,32,580,3101.3440675063025,31.40365200033557,35561.177872999906,112.62670031081849
1791236284,64,,Aggregated,52.800000,0.000000,580,2800,4400,5000,7800,15000,19000,27000,33000,34000,36000,59980,32,580,3097.6086031093223,31.40365200033557,35561.177872999906,112.6697565855285
1791236285,64,,Aggregated,52.800000,0.000000,580,2800,4400,5000,7800,15000,19000,27000,33000,34000,36000,59980,32,580,3097.6086031093223,31.40365200033557,35561.177872999906,112.6697565855285
1791236286,64,,Aggregated,52.800000,0.000000,580,2800,4400,5000,7800,15000,19000,27000,33000,34000,36000,59980,32,580,3097.6086031093223,31.40365200033557,35561.177872999906,112.6697565855285
1791236287,64,,Aggregated,51.800000,0.000000,580,2800,4400,5000,7800,15000,19000,27000,33000,34000,36000,60142,32,580,3092.545153694925,31.40365200033557,35561.177872999906,112.65894050746566
1791236288,64,,Aggregated,51.800000,0.000000,580,2800,4400,5000,7800,15000,19000,27000,33000,34000,36000,60142,32,580,3092.545153694925,31.40365200033557,35561.177872999906,112.65894050746566
1791236289,64,,Aggregated,51.800000,0.000000,580,2800,4400,5000,7800,15000,19000,27000,33000,34000,36000,60142,32,580,3092.545153694925,31.40365200033557,35561.177872999906,112.65894050746566
1791236290,64,,Aggregated,51.600000,0.000000,580,2800,4400,5000,7800,15000,19000,27000,33000,34000,36000,60320,32,580,3086.8559107099663,31.40365200033557,35561.177872999906,112.6314323607427
1791236291,64,,Aggregated,51.600000,0.000000,580,2800,4400,5000,7800,15000,19000,27000,33000,34000,36000,60320,32,580,3086.8559107099663,31.40365200033557,35561.177872999906,112.6314323607427
1791236292,64,,Aggregated,53.000000,0.000000,570,2800,4400,5000,7800,15000,19000,27000,33000,34000,36000,60346,32,570,3086.0599703219627,31.40365200033557,35561.177872999906,112.63314884167964
1791236293,64,,Aggregated,53.800000,0.000000,570,2800,4400,5000,7800,15000,19000,27000,33000,34000,36000,60454,32,570,3082.7679035670453,31.40365200033557,35561.177872999906,112.64010652727694
1791236294,0,,Aggregated,53.800000,0.000000,570,2800,4400,5000,7800,15000,19000,27000,33000,34000,36000,60454,32,570,3082.7679035670453,31.40365200033557,35561.177872999906,112.64010652727694
1791236295,0,,Aggregated,52.000000,0.000000,570,2800,4400,5000,7800,15000,19000,27000,33000,34000,36000,60500,32,570,3081.510183147259,31.40365200033557,35561.177872999906,112.65976859504133
1791236296,0,,Aggregated,52.000000,0.000000,570,2800,4400,5000,7800,15000,19000,27000,33000,34000,36000,60500,32,570,3081.510183147259,31.40365200033557,35561.177872999906,112.65976859504133
1791236297,0,,Aggregated,52.000000,0.000000,570,2800,4400,5000,7800,15000,19000,27000,33000,34000,36000,60500,32,570,3081.510183147259,31.40365200033557,35561.177872999906,112.65976859504133
1791236298,0,,Aggregated,52.000000,0.000000,570,2800,4400,5000,7800,15000,19000,27000,33000,34000,36000,60500,32,570,3081.510183147259,31.40365200033557,35561.177872999906,112.65976859504133
1791236299,0,,Aggregated,52.000000,0.000000,570,2800,4400,5000,7800,15000,19000,27000,33000,34000,36000,60500,32,570,3081.510183147259,31.40365200033557,35561.177872999906,112.65976859504133
1791236300,0,,Aggregated,52.000000,0.000000,570,2800,4400,5000,7800,15000,19000,27000,33000,34000,36000,60500,32,570,3081.510183147259,31.40365200033557,35561.177872999906,112.65976859504133
