Timestamp,User Count,Type,Name,Requests/s,Failures/s,50%,66%,75%,80%,90%,95%,98%,99%,99.9%,99.99%,100%,Total Request Count,Total Failure Count,Total Median Response Time,Total Average Response Time,Total Min Response Time,Total Max Response Time,Total Average Content Size
1791147918,0,,Aggregated,0.000000,0.000000,N/A,N/A,N/A,N/A,N/A,N/A,N/A,N/A,N/A,N/A,N/A,0,0,0,0.0,0,0,0
1791147919,0,,Aggregated,0.000000,0.000000,N/A,N/A,N/A,N/A,N/A,N/A,N/A,N/A,N/A,N/A,N/A,0,0,0,0.0,0,0,0
1791147920,1,,Aggregated,0.000000,0.000000,N/A,N/A,N/A,N/A,N/A,N/A,N/A,N/A,N/A,N/A,N/A,0,0,0,0.0,0,0,0
1791147921,1,,Aggregated,0.000000,0.000000,N/A,N/A,N/A,N/A,N/A,N/A,N/A,N/A,N/A,N/A,N/A,0,0,0,0.0,0,0,0
1791147922,1,,Aggregated,0.000000,0.000000,N/A,N/A,N/A,N/A,N/A,N/A,N/A,N/A,N/A,N/A,N/A,0,0,0,0.0,0,0,0
1791147923,1,,Aggregated,0.000000,0.000000,N/A,N/A,N/A,N/A,N/A,N/A,N/A,N/A,N/A,N/A,N/A,0,0,0,0.0,0,0,0
1791147924,1,,Aggregated,0.000000,0.000000,3800,3800,3800,3800,3800,3800,3800,3800,3800,3800,3800,2,0,3784.0688000001137,1925.4747100001168,66.88062000011996,3784.0688000001137,192.0
1791147925,1,,Aggregated,0.000000,0.000000,3800,3800,3800,3800,3800,3800,3800,3800,3800,3800,3800,2,0,3784.0688000001137,1925.4747100001168,66.88062000011996,3784.0688000001137,192.0
1791147926,1,,Aggregated,0.000000,0.000000,3800,3800,3800,3800,3800,3800,3800,3800,3800,3800,3800,2,0,3784.0688000001137,1925.4747100001168,66.88062000011996,3784.0688000001137,192.0
1791147927,1,,Aggregated,0.333333,0.000000,630,630,3500,3500,3800,3800,3800,3800,3800,3800,3800,6,0,630,1336.1959191666604,21.461128999817447,3784.0688000001137,133.83333333333334
1791147928,1,,Aggregated,0.333333,0.000000,630,630,3500,3500,3800,3800,3800,3800,3800,3800,3800,6,0,630,1336.1959191666604,21.461128999817447,3784.0688000001137,133.83333333333334
1791147929,1,,Aggregated,0.333333,0.000000,630,630,3500,3500,3800,3800,3800,3800,3800,3800,3800,6,0,630,1336.1959191666604,21.461128999817447,3784.0688000001137,133.83333333333334
1791147930,1,,Aggregated,0.500000,0.000000,320,320,1900,1900,3500,3800,3800,3800,3800,3800,3800,12,0,320,893.1411204167338,21.18050500030222,3784.0688000001137,88.58333333333333
1791147931,1,,Aggregated,0.500000,0.000000,320,320,1900,1900,3500,3800,3800,3800,3800,3800,3800,12,0,320,893.1411204167338,21.18050500030222,3784.0688000001137,88.58333333333333
1791147932,1,,Aggregated,0.500000,0.000000,320,320,1900,1900,3500,3800,3800,3800,3800,3800,3800,12,0,320,893.1411204167338,21.18050500030222,3784.0688000001137,88.58333333333333
1791147933,1,,Aggregated,0.500000,0.000000,320,320,1900,1900,3500,3800,3800,3800,3800,3800,3800,12,0,320,893.1411204167338,21.18050500030222,3784.0688000001137,88.58333333333333
1791147934,1,,Aggregated,0.500000,0.000000,320,320,1900,1900,3500,3800,3800,3800,3800,3800,3800,12,0,320,893.1411204167338,21.18050500030222,3784.0688000001137,88.58333333333333
1791147935,1,,Aggregated,0.500000,0.000000,320,320,1900,1900,3500,3800,3800,3800,3800,3800,3800,12,0,320,893.1411204167338,21.18050500030222,3784.0688000001137,88.58333333333333
1791147936,1,,Aggregated,1.000000,0.000000,320,630,1900,3500,3800,6500,6500,6500,6500,6500,6500,14,0,320,1227.9649705000597,21.18050500030222,6451.947380000092,123.57142857142857
1791147937,1,,Aggregated,1.000000,0.000000,320,630,1900,3500,3800,6500,6500,6500,6500,6500,6500,14,0,320,1227.9649705000597,21.18050500030222,6451.947380000092,123.57142857142857
1791147938,1,,Aggregated,1.000000,0.000000,320,630,1900,3500,3800,6500,6500,6500,6500,6500,6500,14,0,320,1227.9649705000597,21.18050500030222,6451.947380000092,123.57142857142857
1791147939,1,,Aggregated,1.000000,0.000000,320,630,2100,2100,3800,6500,6500,6500,6500,6500,6500,16,0,320,1212.969985500024,21.18050500030222,6451.947380000092,121.5
1791147940,1,,Aggregated,1.000000,0.000000,320,630,2100,2100,3800,6500,6500,6500,6500,6500,6500,16,0,320,1212.969985500024,21.18050500030222,6451.947380000092,121.5
1791147941,1,,Aggregated,1.000000,0.000000,320,630,2100,2100,3800,6500,6500,6500,6500,6500,6500,16,0,320,1212.969985500024,21.18050500030222,6451.947380000092,121.5
1791147942,1,,Aggregated,0.400000,0.000000,250,320,1700,1900,3500,3800,6500,6500,6500,6500,6500,24,0,250,915.6350095833355,21.18050500030222,6451.947380000092,91.25
1791147943,1,,Aggregated,0.400000,0.000000,250,320,1700,1900,3500,3800,6500,6500,6500,6500,6500,24,0,250,915.6350095833355,21.18050500030222,6451.947380000092,91.25
1791147944,1,,Aggregated,0.400000,0.000000,250,320,1700,1900,3500,3800,6500,6500,6500,6500,6500,24,0,250,915.6350095833355,21.18050500030222,6451.947380000092,91.25
1791147945,1,,Aggregated,1.200000,0.000000,90,320,1700,1900,3700,3800,6500,6500,6500,6500,6500,28,0,90,923.6701081785635,21.18050500030222,6451.947380000092,92.14285714285714
1791147946,1,,Aggregated,1.200000,0.000000,90,320,1700,1900,3700,3800,6500,6500,6500,6500,6500,28,0,90,923.6701081785635,21.18050500030222,6451.947380000092,92.14285714285714
1791147947,1,,Aggregated,1.200000,0.000000,90,320,1700,1900,3700,3800,6500,6500,6500,6500,6500,28,0,90,923.6701081785635,21.18050500030222,6451.947380000092,92.14285714285714
1791147948,1,,Aggregated,1.200000,0.000000,90,320,1700,2100,3700,3800,6500,6500,6500,6500,6500,30,0,90,939.3611317666606,21.18050500030222,6451.947380000092,93.86666666666666
1791147949,1,,Aggregated,1.200000,0.000000,90,320,1700,2100,3700,3800,6500,6500,6500,6500,6500,30,0,90,939.3611317666606,21.18050500030222,6451.947380000092,93.86666666666666
1791147950,1,,Aggregated,1.200000,0.000000,90,320,1700,2100,3700,3800,6500,6500,6500,6500,6500,30,0,90,939.3611317666606,21.18050500030222,6451.947380000092,93.86666666666666
1791147951,1,,Aggregated,1.200000,0.000000,90,320,1700,2100,3700,3800,6500,6500,6500,6500,6500,30,0,90,939.3611317666606,21.18050500030222,6451.947380000092,93.86666666666666
1791147952,1,,Aggregated,1.200000,0.000000,90,320,1700,2100,3700,3800,6500,6500,6500,6500,6500,30,0,90,939.3611317666606,21.18050500030222,6451.947380000092,93.86666666666666
1791147953,1,,Aggregated,1.200000,0.000000,90,320,1700,2100,3700,3800,6500,6500,6500,6500,6500,30,0,90,939.3611317666606,21.18050500030222,6451.947380000092,93.86666666666666
1791147954,1,,Aggregated,1.200000,0.000000,90,320,1700,2100,3700,3800,6500,6500,6500,6500,6500,30,0,90,939.3611317666606,21.18050500030222,6451.947380000092,93.86666666666666
1791147955,1,,Aggregated,1.200000,0.000000,90,320,1700,2100,3700,3800,6500,6500,6500,6500,6500,30,0,90,939.3611317666606,21.18050500030222,6451.947380000092,93.86666666666666
1791147956,1,,Aggregated,1.200000,0.000000,90,320,1700,2100,3700,3800,6500,6500,6500,6500,6500,30,0,90,939.3611317666606,21.18050500030222,6451.947380000092,93.86666666666666
1791147957,1,,Aggregated,0.600000,0.000000,90,320,1900,2100,3700,6500,7400,7400,7400,7400,7400,36,0,90,1069.050766694444,20.107629999984056,7426.473049999913,107.55555555555556
1791147958,1,,Aggregated,0.600000,0.000000,90,320,1900,2100,3700,6500,7400,7400,7400,7400,7400,36,0,90,1069.050766694444,20.107629999984056,7426.473049999913,107.55555555555556
1791147959,1,,Aggregated,0.600000,0.000000,90,320,1900,2100,3700,6500,7400,7400,7400,7400,7400,36,0,90,1069.050766694444,20.107629999984056,7426.473049999913,107.55555555555556
1791147960,1,,Aggregated,0.600000,0.000000,90,320,1700,2100,3700,6500,7400,7400,7400,7400,7400,38,0,90,1015.7655630789576,20.107629999984056,7426.473049999913,102.10526315789474
1791147961,1,,Aggregated,0.600000,0.000000,90,320,1700,2100,3700,6500,7400,7400,7400,7400,7400,38,0,90,1015.7655630789576,20.107629999984056,7426.473049999913,102.10526315789474
1791147962,1,,Aggregated,0.600000,0.000000,90,320,1700,2100,3700,6500,7400,7400,7400,7400,7400,38,0,90,1015.7655630789576,20.107629999984056,7426.473049999913,102.10526315789474
1791147963,1,,Aggregated,0.800000,0.000000,90,320,1700,2100,3700,3800,7400,7400,7400,7400,7400,42,0,90,1042.630462380982,20.107629999984056,7426.473049999913,104.83333333333333
1791147964,1,,Aggregated,0.800000,0.000000,90,320,1700,2100,3700,3800,7400,7400,7400,7400,7400,42,0,90,1042.630462380982,20.107629999984056,7426.473049999913,104.83333333333333
1791147965,1,,Aggregated,0.800000,0.000000,90,320,1700,2100,3700,3800,7400,7400,7400,7400,7400,42,0,90,1042.630462380982,20.107629999984056,7426.473049999913,104.83333333333333
1791147966,1,,Aggregated,1.400000,0.000000,90,320,1700,1900,3700,3800,7400,7400,7400,7400,7400,48,0,90,991.3595728542172,20.107629999984056,7426.473049999913,99.47916666666667
1791147967,1,,Aggregated,1.400000,0.000000,90,320,1700,1900,3700,3800,7400,7400,7400,7400,7400,48,0,90,991.3595728542172,20.107629999984056,7426.473049999913,99.47916666666667
1791147968,1,,Aggregated,1.400000,0.000000,90,320,1700,1900,3700,3800,7400,7400,7400,7400,7400,48,0,90,991.3595728542172,20.107629999984056,7426.473049999913,99.47916666666667
1791147969,1,,Aggregated,1.200000,0.000000,90,540,1400,1900,3500,3800,6500,7400,7400,7400,7400,52,0,90,938.4966355577436,20.107629999984056,7426.473049999913,94.11538461538461
1791147970,1,,Aggregated,1.200000,0.000000,90,540,1400,1900,3500,3800,6500,7400,7400,7400,7400,52,0,90,938.4966355577436,20.107629999984056,7426.473049999913,94.11538461538461
1791147971,1,,Aggregated,1.200000,0.000000,90,540,1400,1900,3500,3800,6500,7400,7400,7400,7400,52,0,90,938.4966355577436,20.107629999984056,7426.473049999913,94.11538461538461
1791147972,1,,Aggregated,1.400000,0.000000,90,540,1400,1900,3600,3800,6500,7400,7400,7400,7400,54,0,90,971.8477635370803,20.107629999984056,7426.473049999913,97.5
1791147973,1,,Aggregated,1.400000,0.000000,90,540,1400,1900,3600,3800,6500,7400,7400,7400,7400,54,0,90,971.8477635370803,20.107629999984056,7426.473049999913,97.5
1791147974,1,,Aggregated,1.400000,0.000000,90,540,1400,1900,3600,3800,6500,7400,7400,7400,7400,54,0,90,971.8477635370803,20.107629999984056,7426.473049999913,97.5
1791147975,1,,Aggregated,1.600000,0.000000,90,540,1700,1900,3600,3800,6500,7400,7400,7400,7400,56,0,90,982.0195013214661,20.107629999984056,7426.473049999913,98.58928571428571
1791147976,1,,Aggregated,1.600000,0.000000,90,540,1700,1900,3600,3800,6500,7400,7400,7400,7400,56,0,90,982.0195013214661,20.107629999984056,7426.473049999913,98.58928571428571
1791147977,1,,Aggregated,1.600000,0.000000,90,540,1700,1900,3600,3800,6500,7400,7400,7400,7400,56,0,90,982.0195013214661,20.107629999984056,7426.473049999913,98.58928571428571
1791147978,1,,Aggregated,1.200000,0.000000,90,630,1700,2100,3600,3800,6500,7400,7400,7400,7400,60,0,90,967.5554496833759,20.107629999984056,7426.473049999913,97.16666666666667
1791147979,1,,Aggregated,1.200000,0.000000,90,630,1700,2100,3600,3800,6500,7400,7400,7400,7400,60,0,90,967.5554496833759,20.107629999984056,7426.473049999913,97.16666666666667
1791147980,2,,Aggregated,1.200000,0.000000,90,630,1700,2100,3600,3800,6500,7400,7400,7400,7400,60,0,90,967.5554496833759,20.107629999984056,7426.473049999913,97.16666666666667
1791147981,2,,Aggregated,0.800000,0.000000,90,540,910,1900,3500,3800,6500,7400,7400,7400,7400,70,0,90,889.6332474000441,20.107629999984056,7426.473049999913,89.1
1791147982,2,,Aggregated,0.800000,0.000000,90,540,910,1900,3500,3800,6500,7400,7400,7400,7400,70,0,90,889.6332474000441,20.107629999984056,7426.473049999913,89.1
1791147983,2,,Aggregated,0.800000,0.000000,90,540,910,1900,3500,3800,6500,7400,7400,7400,7400,70,0,90,889.6332474000441,20.107629999984056,7426.473049999913,89.1
1791147984,2,,Aggregated,1.800000,0.000000,90,570,1400,1800,2500,3700,6500,7400,7400,7400,7400,82,0,90,860.4105225854144,20.107629999984056,7426.473049999913,85.64634146341463
1791147985,2,,Aggregated,1.800000,0.000000,90,570,1400,1800,2500,3700,6500,7400,7400,7400,7400,82,0,90,860.4105225854144,20.107629999984056,7426.473049999913,85.64634146341463
1791147986,2,,Aggregated,1.800000,0.000000,90,570,1400,1800,2500,3700,6500,7400,7400,7400,7400,82,0,90,860.4105225854144,20.107629999984056,7426.473049999913,85.64634146341463
1791147987,2,,Aggregated,2.400000,0.000000,90,540,900,1800,2400,3700,6500,7400,7400,7400,7400,94,0,90,789.573389457483,20.107629999984056,7426.473049999913,78.27659574468085
1791147988,2,,Aggregated,2.400000,0.000000,90,540,900,1800,2400,3700,6500,7400,7400,7400,7400,94,0,90,789.573389457483,20.107629999984056,7426.473049999913,78.27659574468085
1791147989,2,,Aggregated,2.400000,0.000000,90,540,900,1800,2400,3700,6500,7400,7400,7400,7400,94,0,90,789.573389457483,20.107629999984056,7426.473049999913,78.27659574468085
1791147990,2,,Aggregated,3.400000,0.000000,90,540,910,1800,2500,3700,6500,7400,7400,7400,7400,98,0,90,807.6104243163618,20.107629999984056,7426.473049999913,79.92857142857143
1791147991,2,,Aggregated,3.400000,0.000000,90,540,910,1800,2500,3700,6500,7400,7400,7400,7400,98,0,90,807.6104243163618,20.107629999984056,7426.473049999913,79.92857142857143
1791147992,2,,Aggregated,3.400000,0.000000,90,540,910,1800,2500,3700,6500,7400,7400,7400,7400,98,0,90,807.6104243163618,20.107629999984056,7426.473049999913,79.92857142857143
1791147993,2,,Aggregated,3.400000,0.000000,90,570,1400,1800,2500,3700,6500,7400,7400,7400,7400,100,0,90,810.6863165100322,20.107629999984056,7426.473049999913,80.15
1791147994,2,,Aggregated,3.400000,0.000000,90,570,1400,1800,2500,3700,6500,7400,7400,7400,7400,100,0,90,810.6863165100322,20.107629999984056,7426.473049999913,80.15
1791147995,2,,Aggregated,3.400000,0.000000,90,570,1400,1800,2500,3700,6500,7400,7400,7400,7400,100,0,90,810.6863165100322,20.107629999984056,7426.473049999913,80.15
1791147996,2,,Aggregated,2.600000,0.000000,90,540,1400,1800,2500,3800,6500,6900,7400,7400,7400,106,0,90,869.7521785943666,20.107629999984056,7426.473049999913,85.89622641509433
1791147997,2,,Aggregated,2.600000,0.000000,90,540,1400,1800,2500,3800,6500,6900,7400,7400,7400,106,0,90,869.7521785943666,20.107629999984056,7426.473049999913,85.89622641509433
1791147998,2,,Aggregated,2.600000,0.000000,90,540,1400,1800,2500,3800,6500,6900,7400,7400,7400,106,0,90,869.7521785943666,20.107629999984056,7426.473049999913,85.89622641509433
1791147999,2,,Aggregated,1.400000,0.000000,90,570,1700,1900,2500,3800,6500,6900,7400,7400,7400,108,0,90,873.5830879722421,20.107629999984056,7426.473049999913,86.25925925925925
1791148000,2,,Aggregated,1.400000,0.000000,90,570,1700,1900,2500,3800,6500,6900,7400,7400,7400,108,0,90,873.5830879722421,20.107629999984056,7426.473049999913,86.25925925925925
1791148001,2,,Aggregated,1.400000,0.000000,90,570,1700,1900,2500,3800,6500,6900,7400,7400,7400,108,0,90,873.5830879722421,20.107629999984056,7426.473049999913,86.25925925925925
1791148002,2,,Aggregated,1.200000,0.000000,90,630,1700,1900,2500,3800,6900,7000,7400,7400,7400,114,0,90,921.656791438608,20.107629999984056,7426.473049999913,90.92105263157895
1791148003,2,,Aggregated,1.200000,0.000000,90,630,1700,1900,2500,3800,6900,7000,7400,7400,7400,114,0,90,921.656791438608,20.107629999984056,7426.473049999913,90.92105263157895
1791148004,2,,Aggregated,1.200000,0.000000,90,630,1700,1900,2500,3800,6900,7000,7400,7400,7400,114,0,90,921.656791438608,20.107629999984056,7426.473049999913,90.92105263157895
1791148005,2,,Aggregated,1.400000,0.000000,90,630,1700,1900,2600,3800,6900,7000,7400,7400,7400,116,0,90,930.0415766638056,20.107629999984056,7426.473049999913,91.74137931034483
1791148006,2,,Aggregated,1.400000,0.000000,90,630,1700,1900,2600,3800,6900,7000,7400,7400,7400,116,0,90,930.0415766638056,20.107629999984056,7426.473049999913,91.74137931034483
1791148007,2,,Aggregated,1.400000,0.000000,90,630,1700,1900,2600,3800,6900,7000,7400,7400,7400,116,0,90,930.0415766638056,20.107629999984056,7426.473049999913,91.74137931034483
1791148008,2,,Aggregated,1.000000,0.000000,90,630,1700,1900,2600,3800,6900,7000,7400,7400,7400,128,0,90,928.1828765703217,20.107629999984056,7426.473049999913,91.4140625
1791148009,2,,Aggregated,1.000000,0.000000,90,630,1700,1900,2600,3800,6900,7000,7400,7400,7400,128,0,90,928.1828765703217,20.107629999984056,7426.473049999913,91.4140625
1791148010,2,,Aggregated,1.000000,0.000000,90,630,1700,1900,2600,3800,6900,7000,7400,7400,7400,128,0,90,928.1828765703217,20.107629999984056,7426.473049999913,91.4140625
1791148011,2,,Aggregated,1.600000,0.000000,90,630,1700,1900,2500,3800,6900,7000,7400,7400,7400,132,0,90,918.6946048787996,20.107629999984056,7426.473049999913,90.39393939393939
1791148012,2,,Aggregated,1.600000,0.000000,90,630,1700,1900,2500,3800,6900,7000,7400,7400,7400,132,0,90,918.6946048787996,20.107629999984056,7426.473049999913,90.39393939393939
1791148013,2,,Aggregated,1.600000,0.000000,90,630,1700,1900,2500,3800,6900,7000,7400,7400,7400,132,0,90,918.6946048787996,20.107629999984056,7426.473049999913,90.39393939393939
1791148014,2,,Aggregated,1.800000,0.000000,90,630,1700,1900,2600,3900,6900,7000,7400,7400,7400,138,0,90,950.0015915724705,20.107629999984056,7426.473049999913,93.48550724637681
1791148015,2,,Aggregated,1.800000,0.000000,90,630,1700,1900,2600,3900,6900,7000,7400,7400,7400,138,0,90,950.0015915724705,20.107629999984056,7426.473049999913,93.48550724637681
1791148016,2,,Aggregated,1.800000,0.000000,90,630,1700,1900,2600,3900,6900,7000,7400,7400,7400,138,0,90,950.0015915724705,20.107629999984056,7426.473049999913,93.48550724637681
1791148017,2,,Aggregated,2.200000,0.000000,90,630,1700,1900,2600,3800,6900,7000,7400,7400,7400,144,0,90,942.601506944448,20.107629999984056,7426.473049999913,92.63888888888889
1791148018,2,,Aggregated,2.200000,0.000000,90,630,1700,1900,2600,3800,6900,7000,7400,7400,7400,144,0,90,942.601506944448,20.107629999984056,7426.473049999913,92.63888888888889
1791148019,2,,Aggregated,2.200000,0.000000,90,630,1700,1900,2600,3800,6900,7000,7400,7400,7400,144,0,90,942.601506944448,20.107629999984056,7426.473049999913,92.63888888888889
1791148020,2,,Aggregated,2.200000,0.000000,90,630,1700,1900,2600,3800,6900,7000,7400,7400,7400,154,0,90,934.3020734610425,20.107629999984056,7426.473049999913,91.62337662337663
1791148021,2,,Aggregated,2.200000,0.000000,90,630,1700,1900,2600,3800,6900,7000,7400,7400,7400,154,0,90,934.3020734610425,20.107629999984056,7426.473049999913,91.62337662337663
1791148022,2,,Aggregated,2.200000,0.000000,90,630,1700,1900,2600,3800,6900,7000,7400,7400,7400,154,0,90,934.3020734610425,20.107629999984056,7426.473049999913,91.62337662337663
1791148023,2,,Aggregated,2.400000,0.000000,90,570,1700,1800,2500,3800,6900,7000,7400,7400,7400,164,0,90,894.8912758231811,20.107629999984056,7426.473049999913,87.57317073170732
1791148024,2,,Aggregated,2.400000,0.000000,90,570,1700,1800,2500,3800,6900,7000,7400,7400,7400,164,0,90,894.8912758231811,20.107629999984056,7426.473049999913,87.57317073170732
1791148025,2,,Aggregated,2.400000,0.000000,90,570,1700,1800,2500,3800,6900,7000,7400,7400,7400,164,0,90,894.8912758231811,20.107629999984056,7426.473049999913,87.57317073170732
1791148026,2,,Aggregated,2.400000,0.000000,90,570,1700,1800,2500,3800,6900,7000,7400,7400,7400,164,0,90,894.8912758231811,20.107629999984056,7426.473049999913,87.57317073170732
1791148027,2,,Aggregated,2.400000,0.000000,90,570,1700,1800,2500,3800,6900,7000,7400,7400,7400,164,0,90,894.8912758231811,20.107629999984056,7426.473049999913,87.57317073170732
1791148028,2,,Aggregated,2.400000,0.000000,90,570,1700,1800,2500,3800,6900,7000,7400,7400,7400,164,0,90,894.8912758231811,20.107629999984056,7426.473049999913,87.57317073170732
1791148029,2,,Aggregated,2.600000,0.000000,90,630,1700,1800,2600,3900,6900,7400,7700,7700,7700,170,0,90,935.9601534058933,20.107629999984056,7697.761796000123,91.62941176470588
1791148030,2,,Aggregated,2.600000,0.000000,90,630,1700,1800,2600,3900,6900,7400,7700,7700,7700,170,0,90,935.9601534058933,20.107629999984056,7697.761796000123,91.62941176470588
1791148031,2,,Aggregated,2.600000,0.000000,90,630,1700,1800,2600,3900,6900,7400,7700,7700,7700,170,0,90,935.9601534058933,20.107629999984056,7697.761796000123,91.62941176470588
1791148032,2,,Aggregated,2.400000,0.000000,90,630,1700,1800,2600,3900,6900,7400,7700,7700,7700,176,0,90,929.3630789261496,20.107629999984056,7697.761796000123,90.875
1791148033,2,,Aggregated,2.400000,0.000000,90,630,1700,1800,2600,3900,6900,7400,7700,7700,7700,176,0,90,929.3630789261496,20.107629999984056,7697.761796000123,90.875
1791148034,2,,Aggregated,2.400000,0.000000,90,630,1700,1800,2600,3900,6900,7400,7700,7700,7700,176,0,90,929.3630789261496,20.107629999984056,7697.761796000123,90.875
1791148035,2,,Aggregated,1.200000,0.000000,90,630,1700,1800,2600,3900,6900,7400,7700,7700,7700,188,0,90,928.1576860266097,20.107629999984056,7697.761796000123,90.6436170212766
1791148036,2,,Aggregated,1.200000,0.000000,90,630,1700,1800,2600,3900,6900,7400,7700,7700,7700,188,0,90,928.1576860266097,20.107629999984056,7697.761796000123,90.6436170212766
1791148037,2,,Aggregated,1.200000,0.000000,90,630,1700,1800,2600,3900,6900,7400,7700,7700,7700,188,0,90,928.1576860266097,20.107629999984056,7697.761796000123,90.6436170212766
1791148038,2,,Aggregated,2.200000,0.000000,90,630,1500,1800,2500,3900,6900,7400,7700,7700,7700,194,0,90,918.6505299742365,20.107629999984056,7697.761796000123,89.6340206185567
1791148039,3,,Aggregated,2.200000,0.000000,90,630,1500,1800,2500,3900,6900,7400,7700,7700,7700,194,0,90,918.6505299742365,20.107629999984056,7697.761796000123,89.6340206185567
1791148040,4,,Aggregated,2.200000,0.000000,90,630,1500,1800,2500,3900,6900,7400,7700,7700,7700,194,0,90,918.6505299742365,20.107629999984056,7697.761796000123,89.6340206185567
1791148041,4,,Aggregated,2.400000,0.000000,90,630,1700,1800,2600,3900,6900,7400,7700,7700,7700,200,0,90,923.829825430005,20.107629999984056,7697.761796000123,90.11
1791148042,4,,Aggregated,2.400000,0.000000,90,630,1700,1800,2600,3900,6900,7400,7700,7700,7700,200,0,90,923.829825430005,20.107629999984056,7697.761796000123,90.11
1791148043,4,,Aggregated,2.400000,0.000000,90,630,1700,1800,2600,3900,6900,7400,7700,7700,7700,200,0,90,923.829825430005,20.107629999984056,7697.761796000123,90.11
1791148044,4,,Aggregated,2.800000,0.000000,90,630,1700,1800,2500,3800,6900,7000,7700,7700,7700,212,0,90,924.4474110000141,20.107629999984056,7697.761796000123,89.98584905660377
1791148045,4,,Aggregated,2.800000,0.000000,90,630,1700,1800,2500,3800,6900,7000,7700,7700,7700,212,0,90,924.4474110000141,20.107629999984056,7697.761796000123,89.98584905660377
1791148046,4,,Aggregated,2.800000,0.000000,90,630,1700,1800,2500,3800,6900,7000,7700,7700,7700,212,0,90,924.4474110000141,20.107629999984056,7697.761796000123,89.98584905660377
1791148047,4,,Aggregated,2.800000,0.000000,90,630,1700,1900,2600,3900,6900,7000,7700,7700,7700,218,0,90,942.5847149266167,20.107629999984056,7697.761796000123,91.76605504587155
1791148048,4,,Aggregated,2.800000,0.000000,90,630,1700,1900,2600,3900,6900,7000,7700,7700,7700,218,0,90,942.5847149266167,20.107629999984056,7697.761796000123,91.76605504587155
1791148049,4,,Aggregated,2.800000,0.000000,90,630,1700,1900,2600,3900,6900,7000,7700,7700,7700,218,0,90,942.5847149266167,20.107629999984056,7697.761796000123,91.76605504587155
1791148050,4,,Aggregated,2.000000,0.000000,90,630,1700,1900,2600,3900,6900,7100,7700,7700,7700,220,0,90,966.3142647136493,20.107629999984056,7697.761796000123,94.14090909090909
1791148051,4,,Aggregated,2.000000,0.000000,90,630,1700,1900,2600,3900,6900,7100,7700,7700,7700,220,0,90,966.3142647136493,20.107629999984056,7697.761796000123,94.14090909090909
1791148052,4,,Aggregated,2.000000,0.000000,90,630,1700,1900,2600,3900,6900,7100,7700,7700,7700,220,0,90,966.3142647136493,20.107629999984056,7697.761796000123,94.14090909090909
1791148053,4,,Aggregated,2.400000,0.000000,90,630,1700,1900,2800,6000,6900,7100,7700,7700,7700,228,0,90,1012.5494462105344,20.107629999984056,7697.761796000123,98.78070175438596
1791148054,4,,Aggregated,2.400000,0.000000,90,630,1700,1900,2800,6000,6900,7100,7700,7700,7700,228,0,90,1012.5494462105344,20.107629999984056,7697.761796000123,98.78070175438596
1791148055,4,,Aggregated,2.400000,0.000000,90,630,1700,1900,2800,6000,6900,7100,7700,7700,7700,228,0,90,1012.5494462105344,20.107629999984056,7697.761796000123,98.78070175438596
1791148056,4,,Aggregated,2.400000,0.000000,90,630,1700,1900,2600,6000,7000,7400,7700,7700,7700,242,0,90,1012.1452264462894,20.107629999984056,7697.761796000123,98.62809917355372
1791148057,4,,Aggregated,2.400000,0.000000,90,630,1700,1900,2600,6000,7000,7400,7700,7700,7700,242,0,90,1012.1452264462894,20.107629999984056,7697.761796000123,98.62809917355372
1791148058,4,,Aggregated,2.400000,0.000000,90,630,1700,1900,2600,6000,7000,7400,7700,7700,7700,242,0,90,1012.1452264462894,20.107629999984056,7697.761796000123,98.62809917355372
1791148059,4,,Aggregated,2.800000,0.000000,90,630,1700,1900,2800,6000,7000,7400,7700,7700,7700,248,0,90,1013.2019577016209,20.107629999984056,7697.761796000123,98.70967741935483
1791148060,4,,Aggregated,2.800000,0.000000,90,630,1700,1900,2800,6000,7000,7400,7700,7700,7700,248,0,90,1013.2019577016209,20.107629999984056,7697.761796000123,98.70967741935483
1791148061,4,,Aggregated,2.800000,0.000000,90,630,1700,1900,2800,6000,7000,7400,7700,7700,7700,248,0,90,1013.2019577016209,20.107629999984056,7697.761796000123,98.70967741935483
1791148062,4,,Aggregated,3.400000,0.000000,90,630,1700,1900,3500,6400,7000,7700,7700,7700,7700,260,0,90,1042.8912631269286,20.107629999984056,7697.761796000123,101.62307692307692
1791148063,4,,Aggregated,3.400000,0.000000,90,630,1700,1900,3500,6400,7000,7700,7700,7700,7700,260,0,90,1042.8912631269286,20.107629999984056,7697.761796000123,101.62307692307692
1791148064,4,,Aggregated,3.400000,0.000000,90,630,1700,1900,3500,6400,7000,7700,7700,7700,7700,260,0,90,1042.8912631269286,20.107629999984056,7697.761796000123,101.62307692307692
1791148065,4,,Aggregated,3.600000,0.000000,90,630,1700,1900,3200,6200,7000,7700,7700,7700,7700,268,0,90,1021.8946055820948,20.107629999984056,7697.761796000123,99.50373134328358
1791148066,4,,Aggregated,3.600000,0.000000,90,630,1700,1900,3200,6200,7000,7700,7700,7700,7700,268,0,90,1021.8946055820948,20.107629999984056,7697.761796000123,99.50373134328358
1791148067,4,,Aggregated,3.600000,0.000000,90,630,1700,1900,3200,6200,7000,7700,7700,7700,7700,268,0,90,1021.8946055820948,20.107629999984056,7697.761796000123,99.50373134328358
1791148068,4,,Aggregated,2.800000,0.000000,90,630,1700,1900,3500,6500,7400,7700,7700,7700,7700,276,0,90,1052.470951018122,20.107629999984056,7697.761796000123,102.58333333333333
1791148069,4,,Aggregated,2.800000,0.000000,90,630,1700,1900,3500,6500,7400,7700,7700,7700,7700,276,0,90,1052.470951018122,20.107629999984056,7697.761796000123,102.58333333333333
1791148070,4,,Aggregated,2.800000,0.000000,90,630,1700,1900,3500,6500,7400,7700,7700,7700,7700,276,0,90,1052.470951018122,20.107629999984056,7697.761796000123,102.58333333333333
1791148071,4,,Aggregated,3.200000,0.000000,90,630,1700,1900,3500,6500,7400,7700,7700,7700,7700,290,0,90,1066.697123651726,20.107629999984056,7697.761796000123,103.88275862068966
1791148072,4,,Aggregated,3.200000,0.000000,90,630,1700,1900,3500,6500,7400,7700,7700,7700,7700,290,0,90,1066.697123651726,20.107629999984056,7697.761796000123,103.88275862068966
1791148073,4,,Aggregated,3.200000,0.000000,90,630,1700,1900,3500,6500,7400,7700,7700,7700,7700,290,0,90,1066.697123651726,20.107629999984056,7697.761796000123,103.88275862068966
1791148074,4,,Aggregated,3.600000,0.000000,90,630,1700,1900,3200,6400,7100,7600,7700,7700,7700,308,0,90,1040.2785312597462,20.107629999984056,7697.761796000123,101.1396103896104
1791148075,4,,Aggregated,3.600000,0.000000,90,630,1700,1900,3200,6400,7100,7600,7700,7700,7700,308,0,90,1040.2785312597462,20.107629999984056,7697.761796000123,101.1396103896104
1791148076,4,,Aggregated,3.600000,0.000000,90,630,1700,1900,3200,6400,7100,7600,7700,7700,7700,308,0,90,1040.2785312597462,20.107629999984056,7697.761796000123,101.1396103896104
1791148077,4,,Aggregated,4.000000,0.000000,92,630,1700,1900,2800,6400,7100,7600,7700,7700,7700,314,0,92,1041.8000698758005,20.107629999984056,7697.761796000123,101.22292993630573
1791148078,4,,Aggregated,4.000000,0.000000,92,630,1700,1900,2800,6400,7100,7600,7700,7700,7700,314,0,92,1041.8000698758005,20.107629999984056,7697.761796000123,101.22292993630573
1791148079,4,,Aggregated,4.000000,0.000000,92,630,1700,1900,2800,6400,7100,7600,7700,7700,7700,314,0,92,1041.8000698758005,20.107629999984056,7697.761796000123,101.22292993630573
1791148080,4,,Aggregated,4.400000,0.000000,92,620,1700,1900,2800,6400,7400,7700,7800,7800,7800,324,0,92,1038.1008064660516,20.107629999984056,7816.713752999931,100.81481481481481
1791148081,4,,Aggregated,4.400000,0.000000,92,620,1700,1900,2800,6400,7400,7700,7800,7800,7800,324,0,92,1038.1008064660516,20.107629999984056,7816.713752999931,100.81481481481481
1791148082,4,,Aggregated,4.400000,0.000000,92,620,1700,1900,2800,6400,7400,7700,7800,7800,7800,324,0,92,1038.1008064660516,20.107629999984056,7816.713752999931,100.81481481481481
1791148083,4,,Aggregated,4.000000,0.000000,92,630,1700,2000,3500,6500,7400,7700,7800,7800,7800,334,0,92,1064.5909444491042,20.107629999984056,7816.713752999931,103.40718562874251
1791148084,4,,Aggregated,4.000000,0.000000,92,630,1700,2000,3500,6500,7400,7700,7800,7800,7800,334,0,92,1064.5909444491042,20.107629999984056,7816.713752999931,103.40718562874251
1791148085,4,,Aggregated,4.000000,0.000000,92,630,1700,2000,3500,6500,7400,7700,7800,7800,7800,334,0,92,1064.5909444491042,20.107629999984056,7816.713752999931,103.40718562874251
1791148086,4,,Aggregated,3.200000,0.000000,92,630,1700,2000,3500,6500,7400,7700,7800,7800,7800,344,0,92,1078.8091631889542,20.107629999984056,7816.713752999931,104.75
1791148087,4,,Aggregated,3.200000,0.000000,92,630,1700,2000,3500,6500,7400,7700,7800,7800,7800,344,0,92,1078.8091631889542,20.107629999984056,7816.713752999931,104.75
1791148088,4,,Aggregated,3.200000,0.000000,92,630,1700,2000,3500,6500,7400,7700,7800,7800,7800,344,0,92,1078.8091631889542,20.107629999984056,7816.713752999931,104.75
1791148089,4,,Aggregated,2.800000,0.000000,97,630,1700,2000,3500,6500,7100,7700,7800,7800,7800,352,0,97,1074.8993170909096,20.107629999984056,7816.713752999931,104.3096590909091
1791148090,4,,Aggregated,2.800000,0.000000,97,630,1700,2000,3500,6500,7100,7700,7800,7800,7800,352,0,97,1074.8993170909096,20.107629999984056,7816.713752999931,104.3096590909091
1791148091,4,,Aggregated,2.800000,0.000000,97,630,1700,2000,3500,6500,7100,7700,7800,7800,7800,352,0,97,1074.8993170909096,20.107629999984056,7816.713752999931,104.3096590909091
1791148092,4,,Aggregated,3.000000,0.000000,97,630,1700,2000,3500,6500,7100,7700,7800,7800,7800,358,0,97,1075.714892930165,20.107629999984056,7816.713752999931,104.40223463687151
1791148093,4,,Aggregated,3.000000,0.000000,97,630,1700,2000,3500,6500,7100,7700,7800,7800,7800,358,0,97,1075.714892930165,20.107629999984056,7816.713752999931,104.40223463687151
1791148094,4,,Aggregated,3.000000,0.000000,97,630,1700,2000,3500,6500,7100,7700,7800,7800,7800,358,0,97,1075.714892930165,20.107629999984056,7816.713752999931,104.40223463687151
1791148095,4,,Aggregated,2.800000,0.000000,97,630,1700,2000,3500,6500,7400,7700,7800,7800,7800,374,0,97,1084.9919990561461,20.107629999984056,7816.713752999931,105.31016042780749
1791148096,4,,Aggregated,2.800000,0.000000,97,630,1700,2000,3500,6500,7400,7700,7800,7800,7800,374,0,97,1084.9919990561461,20.107629999984056,7816.713752999931,105.31016042780749
1791148097,4,,Aggregated,2.800000,0.000000,97,630,1700,2000,3500,6500,7400,7700,7800,7800,7800,374,0,97,1084.9919990561461,20.107629999984056,7816.713752999931,105.31016042780749
1791148098,4,,Aggregated,3.800000,0.000000,97,650,1700,2000,3500,6400,7400,7700,7800,7800,7800,388,0,97,1083.4681174226746,20.107629999984056,7816.713752999931,105.12113402061856
1791148099,8,,Aggregated,3.800000,0.000000,97,650,1700,2000,3500,6400,7400,7700,7800,7800,7800,388,0,97,1083.4681174226746,20.107629999984056,7816.713752999931,105.12113402061856
1791148100,8,,Aggregated,3.800000,0.000000,97,650,1700,2000,3500,6400,7400,7700,7800,7800,7800,388,0,97,1083.4681174226746,20.107629999984056,7816.713752999931,105.12113402061856
1791148101,8,,Aggregated,3.800000,0.000000,97,650,1700,1900,3200,6400,7100,7700,7800,7800,7800,410,0,97,1054.136016753655,20.107629999984056,7816.713752999931,102.08048780487805
1791148102,8,,Aggregated,3.800000,0.000000,97,650,1700,1900,3200,6400,7100,7700,7800,7800,7800,410,0,97,1054.136016753655,20.107629999984056,7816.713752999931,102.08048780487805
1791148103,8,,Aggregated,3.800000,0.000000,97,650,1700,1900,3200,6400,7100,7700,7800,7800,7800,410,0,97,1054.136016753655,20.107629999984056,7816.713752999931,102.08048780487805
1791148104,8,,Aggregated,4.400000,0.000000,97,650,1700,1900,3100,6400,7100,7700,7800,7800,7800,422,0,97,1047.4626722772448,20.107629999984056,7816.713752999931,101.3175355450237
1791148105,8,,Aggregated,4.400000,0.000000,97,650,1700,1900,3100,6400,7100,7700,7800,7800,7800,422,0,97,1047.4626722772448,20.107629999984056,7816.713752999931,101.3175355450237
1791148106,8,,Aggregated,4.400000,0.000000,97,650,1700,1900,3100,6400,7100,7700,7800,7800,7800,422,0,97,1047.4626722772448,20.107629999984056,7816.713752999931,101.3175355450237
1791148107,8,,Aggregated,5.400000,0.000000,97,660,1700,2000,3200,6400,7400,7700,7900,7900,7900,442,0,97,1073.4004615837036,20.107629999984056,7912.847980000151,103.66515837104072
1791148108,8,,Aggregated,5.400000,0.000000,97,660,1700,2000,3200,6400,7400,7700,7900,7900,7900,442,0,97,1073.4004615837036,20.107629999984056,7912.847980000151,103.66515837104072
1791148109,8,,Aggregated,5.400000,0.000000,97,660,1700,2000,3200,6400,7400,7700,7900,7900,7900,442,0,97,1073.4004615837036,20.107629999984056,7912.847980000151,103.66515837104072
1791148110,8,,Aggregated,5.800000,0.000000,97,660,1700,2000,3500,6400,7300,7700,7900,7900,7900,456,0,97,1089.6171552653434,20.107629999984056,7912.847980000151,105.08771929824562
1791148111,8,,Aggregated,5.800000,0.000000,97,660,1700,2000,3500,6400,7300,7700,7900,7900,7900,456,0,97,1089.6171552653434,20.107629999984056,7912.847980000151,105.08771929824562
1791148112,8,,Aggregated,5.800000,0.000000,97,660,1700,2000,3500,6400,7300,7700,7900,7900,7900,456,0,97,1089.6171552653434,20.107629999984056,7912.847980000151,105.08771929824562
1791148113,8,,Aggregated,5.000000,0.000000,97,660,1800,2100,3500,6500,7300,7700,7900,7900,7900,478,0,97,1102.496298518825,20.107629999984056,7912.847980000151,106.1234309623431
1791148114,8,,Aggregated,5.000000,0.000000,97,660,1800,2100,3500,6500,7300,7700,7900,7900,7900,478,0,97,1102.496298518825,20.107629999984056,7912.847980000151,106.1234309623431
1791148115,8,,Aggregated,5.000000,0.000000,97,660,1800,2100,3500,6500,7300,7700,7900,7900,7900,478,0,97,1102.496298518825,20.107629999984056,7912.847980000151,106.1234309623431
1791148116,8,,Aggregated,6.200000,0.000000,99,660,1700,2000,3500,6400,7200,7700,7900,7900,7900,510,0,99,1080.7402858078399,20.107629999984056,7912.847980000151,103.74313725490197
1791148117,8,,Aggregated,6.200000,0.000000,99,660,1700,2000,3500,6400,7200,7700,7900,7900,7900,510,0,99,1080.7402858078399,20.107629999984056,7912.847980000151,103.74313725490197
1791148118,8,,Aggregated,6.200000,0.000000,99,660,1700,2000,3500,6400,7200,7700,7900,7900,7900,510,0,99,1080.7402858078399,20.107629999984056,7912.847980000151,103.74313725490197
1791148119,8,,Aggregated,7.600000,0.000000,99,650,1700,2000,3500,6400,7300,7700,8000,8000,8000,536,0,99,1081.8760454888015,20.107629999984056,7981.761516000006,103.68843283582089
1791148120,8,,Aggregated,7.600000,0.000000,99,650,1700,2000,3500,6400,7300,7700,8000,8000,8000,536,0,99,1081.8760454888015,20.107629999984056,7981.761516000006,103.68843283582089
1791148121,8,,Aggregated,7.600000,0.000000,99,650,1700,2000,3500,6400,7300,7700,8000,8000,8000,536,0,99,1081.8760454888015,20.107629999984056,7981.761516000006,103.68843283582089
1791148122,8,,Aggregated,8.600000,0.000000,99,650,1700,2100,3500,6400,7400,7700,8000,8000,8000,548,0,99,1089.4228551386807,20.107629999984056,7981.761516000006,104.38321167883211
1791148123,8,,Aggregated,8.600000,0.000000,99,650,1700,2100,3500,6400,7400,7700,8000,8000,8000,548,0,99,1089.4228551386807,20.107629999984056,7981.761516000006,104.38321167883211
1791148124,8,,Aggregated,8.600000,0.000000,99,650,1700,2100,3500,6400,7400,7700,8000,8000,8000,548,0,99,1089.4228551386807,20.107629999984056,7981.761516000006,104.38321167883211
1791148125,8,,Aggregated,8.800000,0.000000,100,660,1700,2100,3200,6400,7300,7700,8000,8000,8000,564,0,100,1082.9242446542507,20.107629999984056,7981.761516000006,103.6790780141844
1791148126,8,,Aggregated,8.800000,0.000000,100,660,1700,2100,3200,6400,7300,7700,8000,8000,8000,564,0,100,1082.9242446542507,20.107629999984056,7981.761516000006,103.6790780141844
1791148127,8,,Aggregated,8.800000,0.000000,100,660,1700,2100,3200,6400,7300,7700,8000,8000,8000,564,0,100,1082.9242446542507,20.107629999984056,7981.761516000006,103.6790780141844
1791148128,8,,Aggregated,6.200000,0.000000,100,660,1800,2100,3500,6400,7400,7700,8000,8000,8000,590,0,100,1098.7960261457602,20.107629999984056,7981.761516000006,105.0728813559322
1791148129,8,,Aggregated,6.200000,0.000000,100,660,1800,2100,3500,6400,7400,7700,8000,8000,8000,590,0,100,1098.7960261457602,20.107629999984056,7981.761516000006,105.0728813559322
1791148130,8,,Aggregated,6.200000,0.000000,100,660,1800,2100,3500,6400,7400,7700,8000,8000,8000,590,0,100,1098.7960261457602,20.107629999984056,7981.761516000006,105.0728813559322
1791148131,8,,Aggregated,6.200000,0.000000,100,650,1700,2100,3500,6400,7400,7700,8000,8000,8000,610,0,100,1092.5207512458996,20.107629999984056,7981.761516000006,104.3967213114754
1791148132,8,,Aggregated,6.200000,0.000000,100,650,1700,2100,3500,6400,7400,7700,8000,8000,8000,610,0,100,1092.5207512458996,20.107629999984056,7981.761516000006,104.3967213114754
1791148133,8,,Aggregated,6.200000,0.000000,100,650,1700,2100,3500,6400,7400,7700,8000,8000,8000,610,0,100,1092.5207512458996,20.107629999984056,7981.761516000006,104.3967213114754
1791148134,8,,Aggregated,6.600000,0.000000,100,660,1800,2100,3500,6500,7600,7900,8000,8000,8000,630,0,100,1117.8901671079343,20.107629999984056,7981.761516000006,106.81587301587301
1791148135,8,,Aggregated,6.600000,0.000000,100,660,1800,2100,3500,6500,7600,7900,8000,8000,8000,630,0,100,1117.8901671079343,20.107629999984056,7981.761516000006,106.81587301587301
1791148136,8,,Aggregated,6.600000,0.000000,100,660,1800,2100,3500,6500,7600,7900,8000,8000,8000,630,0,100,1117.8901671079343,20.107629999984056,7981.761516000006,106.81587301587301
1791148137,8,,Aggregated,7.000000,0.000000,100,660,1800,2100,3500,6500,7600,7900,8000,8000,8000,650,0,100,1106.6882263799978,20.107629999984056,7981.761516000006,105.65692307692308
1791148138,8,,Aggregated,7.000000,0.000000,100,660,1800,2100,3500,6500,7600,7900,8000,8000,8000,650,0,100,1106.6882263799978,20.107629999984056,7981.761516000006,105.65692307692308
1791148139,8,,Aggregated,7.000000,0.000000,100,660,1800,2100,3500,6500,7600,7900,8000,8000,8000,650,0,100,1106.6882263799978,20.107629999984056,7981.761516000006,105.65692307692308
1791148140,8,,Aggregated,7.200000,0.000000,100,660,1800,2100,3500,6500,7600,7900,8000,8000,8000,674,0,100,1115.1710187685455,20.107629999984056,7981.761516000006,106.36498516320475
1791148141,8,,Aggregated,7.200000,0.000000,100,660,1800,2100,3500,6500,7600,7900,8000,8000,8000,674,0,100,1115.1710187685455,20.107629999984056,7981.761516000006,106.36498516320475
1791148142,8,,Aggregated,7.200000,0.000000,100,660,1800,2100,3500,6500,7600,7900,8000,8000,8000,674,0,100,1115.1710187685455,20.107629999984056,7981.761516000006,106.36498516320475
1791148143,8,,Aggregated,7.000000,0.000000,100,660,1800,2100,3500,6500,7600,7900,8000,8000,8000,688,0,100,1110.2229692136634,20.107629999984056,7981.761516000006,105.85901162790698
1791148144,8,,Aggregated,7.000000,0.000000,100,660,1800,2100,3500,6500,7600,7900,8000,8000,8000,688,0,100,1110.2229692136634,20.107629999984056,7981.761516000006,105.85901162790698
1791148145,8,,Aggregated,7.000000,0.000000,100,660,1800,2100,3500,6500,7600,7900,8000,8000,8000,688,0,100,1110.2229692136634,20.107629999984056,7981.761516000006,105.85901162790698
1791148146,8,,Aggregated,6.600000,0.000000,100,660,1800,2100,3500,6600,7600,7900,8000,8000,8000,712,0,100,1123.983722764047,20.107629999984056,7981.761516000006,107.13342696629213
1791148147,8,,Aggregated,6.600000,0.000000,100,660,1800,2100,3500,6600,7600,7900,8000,8000,8000,712,0,100,1123.983722764047,20.107629999984056,7981.761516000006,107.13342696629213
1791148148,8,,Aggregated,6.600000,0.000000,100,660,1800,2100,3500,6600,7600,7900,8000,8000,8000,712,0,100,1123.983722764047,20.107629999984056,7981.761516000006,107.13342696629213
1791148149,8,,Aggregated,7.200000,0.000000,100,660,1800,2100,3200,6500,7600,7900,8000,8000,8000,738,0,100,1105.5492256937691,20.107629999984056,7981.761516000006,105.28184281842819
1791148150,8,,Aggregated,7.200000,0.000000,100,660,1800,2100,3200,6500,7600,7900,8000,8000,8000,738,0,100,1105.5492256937691,20.107629999984056,7981.761516000006,105.28184281842819
1791148151,8,,Aggregated,7.200000,0.000000,100,660,1800,2100,3200,6500,7600,7900,8000,8000,8000,738,0,100,1105.5492256937691,20.107629999984056,7981.761516000006,105.28184281842819
1791148152,8,,Aggregated,7.200000,0.000000,100,660,1800,2200,3200,6500,7600,7900,8000,8000,8000,758,0,100,1115.717632319265,20.107629999984056,7981.761516000006,106.20580474934037
1791148153,8,,Aggregated,7.200000,0.000000,100,660,1800,2200,3200,6500,7600,7900,8000,8000,8000,758,0,100,1115.717632319265,20.107629999984056,7981.761516000006,106.20580474934037
1791148154,8,,Aggregated,7.200000,0.000000,100,660,1800,2200,3200,6500,7600,7900,8000,8000,8000,758,0,100,1115.717632319265,20.107629999984056,7981.761516000006,106.20580474934037
1791148155,8,,Aggregated,7.600000,0.000000,100,660,1800,2200,3400,6500,7700,7900,8000,8000,8000,780,0,100,1115.5768768461576,20.107629999984056,7981.761516000006,106.16666666666667
1791148156,8,,Aggregated,7.600000,0.000000,100,660,1800,2200,3400,6500,7700,7900,8000,8000,8000,780,0,100,1115.5768768461576,20.107629999984056,7981.761516000006,106.16666666666667
1791148157,8,,Aggregated,7.600000,0.000000,100,660,1800,2200,3400,6500,7700,7900,8000,8000,8000,780,0,100,1115.5768768461576,20.107629999984056,7981.761516000006,106.16666666666667
1791148158,8,,Aggregated,7.000000,0.000000,100,660,1800,2100,3200,6500,7600,7900,8000,8000,8000,810,0,100,1099.5161353382773,20.107629999984056,7981.761516000006,104.60493827160494
1791148159,16,,Aggregated,7.000000,0.000000,100,660,1800,2100,3200,6500,7600,7900,8000,8000,8000,810,0,100,1099.5161353382773,20.107629999984056,7981.761516000006,104.60493827160494
1791148160,16,,Aggregated,7.000000,0.000000,100,660,1800,2100,3200,6500,7600,7900,8000,8000,8000,810,0,100,1099.5161353382773,20.107629999984056,7981.761516000006,104.60493827160494
1791148161,16,,Aggregated,7.800000,0.000000,100,660,1800,2100,3200,6500,7700,7900,8100,8100,8100,840,0,100,1100.4226726833394,20.107629999984056,8126.508752000063,104.39642857142857
1791148162,16,,Aggregated,7.800000,0.000000,100,660,1800,2100,3200,6500,7700,7900,8100,8100,8100,840,0,100,1100.4226726833394,20.107629999984056,8126.508752000063,104.39642857142857
1791148163,16,,Aggregated,7.800000,0.000000,100,660,1800,2100,3200,6500,7700,7900,8100,8100,8100,840,0,100,1100.4226726833394,20.107629999984056,8126.508752000063,104.39642857142857
1791148164,16,,Aggregated,9.200000,0.000000,100,660,1800,2200,3400,6500,7700,7900,8400,8400,8400,872,0,100,1106.08984645528,20.107629999984056,8354.040236999936,104.37844036697248
1791148165,16,,Aggregated,9.200000,0.000000,100,660,1800,2200,3400,6500,7700,7900,8400,8400,8400,872,0,100,1106.08984645528,20.107629999984056,8354.040236999936,104.37844036697248
1791148166,16,,Aggregated,9.200000,0.000000,100,660,1800,2200,3400,6500,7700,7900,8400,8400,8400,872,0,100,1106.08984645528,20.107629999984056,8354.040236999936,104.37844036697248
1791148167,16,,Aggregated,10.400000,0.000000,100,660,1800,2200,3400,6400,7600,7900,8400,8400,8400,910,0,100,1108.021294730774,20.107629999984056,8354.040236999936,104.06813186813187
1791148168,16,,Aggregated,10.400000,0.000000,100,660,1800,2200,3400,6400,7600,7900,8400,8400,8400,910,0,100,1108.021294730774,20.107629999984056,8354.040236999936,104.06813186813187
1791148169,16,,Aggregated,10.400000,0.000000,100,660,1800,2200,3400,6400,7600,7900,8400,8400,8400,910,0,100,1108.021294730774,20.107629999984056,8354.040236999936,104.06813186813187
1791148170,16,,Aggregated,11.200000,0.000000,100,660,1800,2200,3400,6400,7600,7900,8800,8800,8800,952,0,100,1110.3244514086189,20.107629999984056,8794.152253999982,103.81932773109244
1791148171,16,,Aggregated,11.200000,0.000000,100,660,1800,2200,3400,6400,7600,7900,8800,8800,8800,952,0,100,1110.3244514086189,20.107629999984056,8794.152253999982,103.81932773109244
1791148172,16,,Aggregated,11.200000,0.000000,100,660,1800,2200,3400,6400,7600,7900,8800,8800,8800,952,0,100,1110.3244514086189,20.107629999984056,8794.152253999982,103.81932773109244
1791148173,16,,Aggregated,12.800000,0.000000,100,660,1800,2200,3400,6500,7700,7900,8800,8800,8800,978,0,100,1118.6092536308843,20.107629999984056,8794.152253999982,104.28323108384458
1791148174,16,,Aggregated,12.800000,0.000000,100,660,1800,2200,3400,6500,7700,7900,8800,8800,8800,978,0,100,1118.6092536308843,20.107629999984056,8794.152253999982,104.28323108384458
1791148175,16,,Aggregated,12.800000,0.000000,100,660,1800,2200,3400,6500,7700,7900,8800,8800,8800,978,0,100,1118.6092536308843,20.107629999984056,8794.152253999982,104.28323108384458
1791148176,16,,Aggregated,13.000000,0.000000,100,660,1800,2200,3400,6500,7700,7900,8800,8900,8900,1024,0,100,1119.6020016494206,20.107629999984056,8891.87681600015,103.8701171875
1791148177,16,,Aggregated,13.000000,0.000000,100,660,1800,2200,3400,6500,7700,7900,8800,8900,8900,1024,0,100,1119.6020016494206,20.107629999984056,8891.87681600015,103.8701171875
1791148178,16,,Aggregated,13.000000,0.000000,100,660,1800,2200,3400,6500,7700,7900,8800,8900,8900,1024,0,100,1119.6020016494206,20.107629999984056,8891.87681600015,103.8701171875
1791148179,16,,Aggregated,12.400000,0.000000,100,670,1800,2200,3400,6600,7700,8000,8900,8900,8900,1062,0,100,1140.0992322655425,20.107629999984056,8940.374865000194,105.29378531073446
1791148180,16,,Aggregated,12.400000,0.000000,100,670,1800,2200,3400,6600,7700,8000,8900,8900,8900,1062,0,100,1140.0992322655425,20.107629999984056,8940.374865000194,105.29378531073446
1791148181,16,,Aggregated,12.400000,0.000000,100,670,1800,2200,3400,6600,7700,8000,8900,8900,8900,1062,0,100,1140.0992322655425,20.107629999984056,8940.374865000194,105.29378531073446
1791148182,16,,Aggregated,12.200000,0.000000,110,670,1800,2200,3400,6500,7700,8000,8900,8900,8900,1104,0,110,1137.4065547092478,20.107629999984056,8940.374865000194,104.59782608695652
1791148183,16,,Aggregated,12.200000,0.000000,110,670,1800,2200,3400,6500,7700,8000,8900,8900,8900,1104,0,110,1137.4065547092478,20.107629999984056,8940.374865000194,104.59782608695652
1791148184,16,,Aggregated,12.200000,0.000000,110,670,1800,2200,3400,6500,7700,8000,8900,8900,8900,1104,0,110,1137.4065547092478,20.107629999984056,8940.374865000194,104.59782608695652
1791148185,16,,Aggregated,13.200000,0.000000,110,670,1800,2200,3400,6500,7700,8000,8900,8900,8900,1138,0,110,1133.2873887935039,20.107629999984056,8940.374865000194,103.95869947275922
1791148186,16,,Aggregated,13.200000,0.000000,110,670,1800,2200,3400,6500,7700,8000,8900,8900,8900,1138,0,110,1133.2873887935039,20.107629999984056,8940.374865000194,103.95869947275922
1791148187,16,,Aggregated,13.200000,0.000000,110,670,1800,2200,3400,6500,7700,8000,8900,8900,8900,1138,0,110,1133.2873887935039,20.107629999984056,8940.374865000194,103.95869947275922
1791148188,16,,Aggregated,12.000000,0.000000,110,670,1900,2300,3400,6600,7900,8400,8900,8900,8900,1168,0,110,1152.5033779255173,20.107629999984056,8940.374865000194,105.46061643835617
1791148189,16,,Aggregated,12.000000,0.000000,110,670,1900,2300,3400,6600,7900,8400,8900,8900,8900,1168,0,110,1152.5033779255173,20.107629999984056,8940.374865000194,105.46061643835617
1791148190,16,,Aggregated,12.000000,0.000000,110,670,1900,2300,3400,6600,7900,8400,8900,8900,8900,1168,0,110,1152.5033779255173,20.107629999984056,8940.374865000194,105.46061643835617
1791148191,16,,Aggregated,10.600000,0.000000,110,680,1900,2300,3500,6600,7900,8500,8900,8900,8900,1206,0,110,1166.4666598532376,20.107629999984056,8940.374865000194,106.50331674958541
1791148192,16,,Aggregated,10.600000,0.000000,110,680,1900,2300,3500,6600,7900,8500,8900,8900,8900,1206,0,110,1166.4666598532376,20.107629999984056,8940.374865000194,106.50331674958541
1791148193,16,,Aggregated,10.600000,0.000000,110,680,1900,2300,3500,6600,7900,8500,8900,8900,8900,1206,0,110,1166.4666598532376,20.107629999984056,8940.374865000194,106.50331674958541
1791148194,16,,Aggregated,11.000000,0.000000,110,680,1900,2300,3500,6700,7900,8500,8900,8900,8900,1238,0,110,1173.1764745064645,20.107629999984056,8940.374865000194,106.7907915993538
1791148195,16,,Aggregated,11.000000,0.000000,110,680,1900,2300,3500,6700,7900,8500,8900,8900,8900,1238,0,110,1173.1764745064645,20.107629999984056,8940.374865000194,106.7907915993538
1791148196,16,,Aggregated,11.000000,0.000000,110,680,1900,2300,3500,6700,7900,8500,8900,8900,8900,1238,0,110,1173.1764745064645,20.107629999984056,8940.374865000194,106.7907915993538
1791148197,16,,Aggregated,10.800000,0.000000,110,680,1900,2300,3500,6700,7900,8700,8900,8900,8900,1268,0,110,1177.403104444008,20.107629999984056,8940.374865000194,106.93375394321767
1791148198,16,,Aggregated,10.800000,0.000000,110,680,1900,2300,3500,6700,7900,8700,8900,8900,8900,1268,0,110,1177.403104444008,20.107629999984056,8940.374865000194,106.93375394321767
1791148199,16,,Aggregated,10.800000,0.000000,110,680,1900,2300,3500,6700,7900,8700,8900,8900,8900,1268,0,110,1177.403104444008,20.107629999984056,8940.374865000194,106.93375394321767
1791148200,16,,Aggregated,11.600000,0.000000,110,690,1900,2300,3500,6800,7900,8800,8900,8900,8900,1294,0,110,1187.1482762272026,20.107629999984056,8940.374865000194,107.64992272024729
1791148201,16,,Aggregated,11.600000,0.000000,110,690,1900,2300,3500,6800,7900,8800,8900,8900,8900,1294,0,110,1187.1482762272026,20.107629999984056,8940.374865000194,107.64992272024729
1791148202,16,,Aggregated,11.600000,0.000000,110,690,1900,2300,3500,6800,7900,8800,8900,8900,8900,1294,0,110,1187.1482762272026,20.107629999984056,8940.374865000194,107.64992272024729
1791148203,16,,Aggregated,10.000000,0.000000,110,700,1900,2300,3500,6800,7900,8700,8900,8900,8900,1322,0,110,1194.0278568502267,20.107629999984056,8940.374865000194,108.15582450832072
1791148204,16,,Aggregated,10.000000,0.000000,110,700,1900,2300,3500,6800,7900,8700,8900,8900,8900,1322,0,110,1194.0278568502267,20.107629999984056,8940.374865000194,108.15582450832072
1791148205,16,,Aggregated,10.000000,0.000000,110,700,1900,2300,3500,6800,7900,8700,8900,8900,8900,1322,0,110,1194.0278568502267,20.107629999984056,8940.374865000194,108.15582450832072
1791148206,16,,Aggregated,9.600000,0.000000,110,700,1900,2300,3500,6900,8000,8700,8900,8900,8900,1362,0,110,1203.2062531013214,20.107629999984056,8940.374865000194,108.75624082232012
1791148207,16,,Aggregated,9.600000,0.000000,110,700,1900,2300,3500,6900,8000,8700,8900,8900,8900,1362,0,110,1203.2062531013214,20.107629999984056,8940.374865000194,108.75624082232012
1791148208,16,,Aggregated,9.600000,0.000000,110,700,1900,2300,3500,6900,8000,8700,8900,8900,8900,1362,0,110,1203.2062531013214,20.107629999984056,8940.374865000194,108.75624082232012
1791148209,16,,Aggregated,10.400000,0.000000,110,680,1900,2300,3500,6900,8000,8800,8900,8900,8900,1428,0,110,1192.8565763347312,20.107629999984056,8940.374865000194,107.50630252100841
1791148210,16,,Aggregated,10.400000,0.000000,110,680,1900,2300,3500,6900,8000,8800,8900,8900,8900,1428,0,110,1192.8565763347312,20.107629999984056,8940.374865000194,107.50630252100841
1791148211,16,,Aggregated,10.400000,0.000000,110,680,1900,2300,3500,6900,8000,8800,8900,8900,8900,1428,0,110,1192.8565763347312,20.107629999984056,8940.374865000194,107.50630252100841
1791148212,16,,Aggregated,14.000000,0.000000,110,680,1900,2300,3500,6900,8000,8800,8900,8900,8900,1466,0,110,1183.6706861562043,20.107629999984056,8940.374865000194,106.52592087312415
1791148213,16,,Aggregated,14.000000,0.000000,110,680,1900,2300,3500,6900,8000,8800,8900,8900,8900,1466,0,110,1183.6706861562043,20.107629999984056,8940.374865000194,106.52592087312415
1791148214,16,,Aggregated,14.000000,0.000000,110,680,1900,2300,3500,6900,8000,8800,8900,8900,8900,1466,0,110,1183.6706861562043,20.107629999984056,8940.374865000194,106.52592087312415
1791148215,16,,Aggregated,15.200000,0.000000,110,690,1900,2300,3500,6900,8000,8800,8900,8900,8900,1488,0,110,1189.22846654301,20.107629999984056,8940.374865000194,106.92137096774194
1791148216,16,,Aggregated,15.200000,0.000000,110,690,1900,2300,3500,6900,8000,8800,8900,8900,8900,1488,0,110,1189.22846654301,20.107629999984056,8940.374865000194,106.92137096774194
1791148217,16,,Aggregated,15.200000,0.000000,110,690,1900,2300,3500,6900,8000,8800,8900,8900,8900,1488,0,110,1189.22846654301,20.107629999984056,8940.374865000194,106.92137096774194
1791148218,16,,Aggregated,14.200000,0.000000,110,700,1900,2300,3500,7000,8200,8800,8900,8900,8900,1526,0,110,1206.3435952372215,20.107629999984056,8940.374865000194,108.27588466579293
1791148219,32,,Aggregated,14.200000,0.000000,110,700,1900,2300,3500,7000,8200,8800,8900,8900,8900,1526,0,110,1206.3435952372215,20.107629999984056,8940.374865000194,108.27588466579293
1791148220,32,,Aggregated,14.200000,0.000000,110,700,1900,2300,3500,7000,8200,8800,8900,8900,8900,1526,0,110,1206.3435952372215,20.107629999984056,8940.374865000194,108.27588466579293
1791148221,32,,Aggregated,11.600000,0.000000,110,710,1900,2300,3500,7000,8300,8800,8900,9100,9100,1580,0,110,1204.5220849531638,20.107629999984056,9051.982148999741,107.5487341772152
1791148222,32,,Aggregated,11.600000,0.000000,110,710,1900,2300,3500,7000,8300,8800,8900,9100,9100,1580,0,110,1204.5220849531638,20.107629999984056,9051.982148999741,107.5487341772152
1791148223,32,,Aggregated,11.600000,0.000000,110,710,1900,2300,3500,7000,8300,8800,8900,9100,9100,1580,0,110,1204.5220849531638,20.107629999984056,9051.982148999741,107.5487341772152
1791148224,32,,Aggregated,13.200000,0.000000,110,730,1900,2300,3500,6900,8300,8800,9100,9100,9100,1646,0,110,1202.424216039489,20.107629999984056,9059.081334999973,106.72296476306197
1791148225,32,,Aggregated,13.200000,0.000000,110,730,1900,2300,3500,6900,8300,8800,9100,9100,9100,1646,0,110,1202.424216039489,20.107629999984056,9059.081334999973,106.72296476306197
1791148226,32,,Aggregated,13.200000,0.000000,110,730,1900,2300,3500,6900,8300,8800,9100,9100,9100,1646,0,110,1202.424216039489,20.107629999984056,9059.081334999973,106.72296476306197
1791148227,32,,Aggregated,18.200000,0.000000,110,710,1900,2300,3400,6900,8300,8800,9400,9500,9500,1718,0,110,1194.45021103667,20.107629999984056,9532.481030000326,105.58731082654249
1791148228,32,,Aggregated,18.200000,0.000000,110,710,1900,2300,3400,6900,8300,8800,9400,9500,9500,1718,0,110,1194.45021103667,20.107629999984056,9532.481030000326,105.58731082654249
1791148229,32,,Aggregated,18.200000,0.000000,110,710,1900,2300,3400,6900,8300,8800,9400,9500,9500,1718,0,110,1194.45021103667,20.107629999984056,9532.481030000326,105.58731082654249
1791148230,32,,Aggregated,21.600000,0.000000,110,730,1900,2300,3500,7000,8400,8800,9500,9600,9600,1784,0,110,1212.7219409562758,20.107629999984056,9648.212551000142,106.597533632287
1791148231,32,,Aggregated,21.600000,0.000000,110,730,1900,2300,3500,7000,8400,8800,9500,9600,9600,1784,0,110,1212.7219409562758,20.107629999984056,9648.212551000142,106.597533632287
1791148232,32,,Aggregated,21.600000,0.000000,110,730,1900,2300,3500,7000,8400,8800,9500,9600,9600,1784,0,110,1212.7219409562758,20.107629999984056,9648.212551000142,106.597533632287
1791148233,32,,Aggregated,22.600000,0.000000,110,730,1900,2300,3500,7100,8500,8800,9500,9600,9600,1842,0,110,1231.7082019402799,20.107629999984056,9648.212551000142,107.77741585233441
1791148234,32,,Aggregated,22.600000,0.000000,110,730,1900,2300,3500,7100,8500,8800,9500,9600,9600,1842,0,110,1231.7082019402799,20.107629999984056,9648.212551000142,107.77741585233441
1791148235,32,,Aggregated,22.600000,0.000000,110,730,1900,2300,3500,7100,8500,8800,9500,9600,9600,1842,0,110,1231.7082019402799,20.107629999984056,9648.212551000142,107.77741585233441
1791148236,32,,Aggregated,21.200000,0.000000,110,740,1900,2300,3500,7200,8600,8800,9600,9600,9600,1922,0,110,1244.2540705447425,20.107629999984056,9648.212551000142,108.16961498439126
1791148237,32,,Aggregated,21.200000,0.000000,110,740,1900,2300,3500,7200,8600,8800,9600,9600,9600,1922,0,110,1244.2540705447425,20.107629999984056,9648.212551000142,108.16961498439126
1791148238,32,,Aggregated,21.200000,0.000000,110,740,1900,2300,3500,7200,8600,8800,9600,9600,9600,1922,0,110,1244.2540705447425,20.107629999984056,9648.212551000142,108.16961498439126
1791148239,32,,Aggregated,21.800000,0.000000,110,750,1900,2300,3500,7200,8600,8800,9600,9800,9800,1988,0,110,1245.3730233108624,20.107629999984056,9820.288682999944,107.75
1791148240,32,,Aggregated,21.800000,0.000000,110,750,1900,2300,3500,7200,8600,8800,9600,9800,9800,1988,0,110,1245.3730233108624,20.107629999984056,9820.288682999944,107.75
1791148241,32,,Aggregated,21.800000,0.000000,110,750,1900,2300,3500,7200,8600,8800,9600,9800,9800,1988,0,110,1245.3730233108624,20.107629999984056,9820.288682999944,107.75
1791148242,32,,Aggregated,23.000000,0.000000,110,750,1900,2300,3500,7200,8600,8800,9600,9800,9800,2058,0,110,1244.0986031865868,20.107629999984056,9820.288682999944,107.25024295432459
1791148243,32,,Aggregated,23.000000,0.000000,110,750,1900,2300,3500,7200,8600,8800,9600,9800,9800,2058,0,110,1244.0986031865868,20.107629999984056,9820.288682999944,107.25024295432459
1791148244,32,,Aggregated,23.000000,0.000000,110,750,1900,2300,3500,7200,8600,8800,9600,9800,9800,2058,0,110,1244.0986031865868,20.107629999984056,9820.288682999944,107.25024295432459
1791148245,32,,Aggregated,23.400000,0.000000,110,750,1900,2300,3500,7200,8700,8900,9600,9800,9800,2128,0,110,1247.8162734727412,20.107629999984056,9820.288682999944,107.27161654135338
1791148246,32,,Aggregated,23.400000,0.000000,110,750,1900,2300,3500,7200,8700,8900,9600,9800,9800,2128,0,110,1247.8162734727412,20.107629999984056,9820.288682999944,107.27161654135338
1791148247,32,,Aggregated,23.400000,0.000000,110,750,1900,2300,3500,7200,8700,8900,9600,9800,9800,2128,0,110,1247.8162734727412,20.107629999984056,9820.288682999944,107.27161654135338
1791148248,32,,Aggregated,23.600000,0.000000,110,760,1900,2300,3500,7200,8700,8900,9600,9800,9800,2202,0,110,1253.0882629554935,20.107629999984056,9820.288682999944,107.42325158946413
1791148249,32,,Aggregated,23.600000,0.000000,110,760,1900,2300,3500,7200,8700,8900,9600,9800,9800,2202,0,110,1253.0882629554935,20.107629999984056,9820.288682999944,107.42325158946413
1791148250,32,,Aggregated,23.600000,0.000000,110,760,1900,2300,3500,7200,8700,8900,9600,9800,9800,2202,0,110,1253.0882629554935,20.107629999984056,9820.288682999944,107.42325158946413
1791148251,32,,Aggregated,24.800000,0.000000,110,760,1900,2300,3600,7300,8700,8900,9600,9800,9800,2270,0,110,1255.5896139863414,20.107629999984056,9820.288682999944,107.31409691629956
1791148252,32,,Aggregated,24.800000,0.000000,110,760,1900,2300,3600,7300,8700,8900,9600,9800,9800,2270,0,110,1255.5896139863414,20.107629999984056,9820.288682999944,107.31409691629956
1791148253,32,,Aggregated,24.800000,0.000000,110,760,1900,2300,3600,7300,8700,8900,9600,9800,9800,2270,0,110,1255.5896139863414,20.107629999984056,9820.288682999944,107.31409691629956
1791148254,32,,Aggregated,24.000000,0.000000,110,770,1900,2400,3600,7300,8700,9100,9600,9800,9800,2338,0,110,1263.2217881856254,20.107629999984056,9820.288682999944,107.56800684345595
1791148255,32,,Aggregated,24.000000,0.000000,110,770,1900,2400,3600,7300,8700,9100,9600,9800,9800,2338,0,110,1263.2217881856254,20.107629999984056,9820.288682999944,107.56800684345595
1791148256,32,,Aggregated,24.000000,0.000000,110,770,1900,2400,3600,7300,8700,9100,9600,9800,9800,2338,0,110,1263.2217881856254,20.107629999984056,9820.288682999944,107.56800684345595
1791148257,32,,Aggregated,24.600000,0.000000,110,760,1900,2300,3600,7300,8700,9100,9700,9800,9800,2436,0,110,1261.864247733987,20.107629999984056,9820.288682999944,106.95402298850574
1791148258,32,,Aggregated,24.600000,0.000000,110,760,1900,2300,3600,7300,8700,9100,9700,9800,9800,2436,0,110,1261.864247733987,20.107629999984056,9820.288682999944,106.95402298850574
1791148259,32,,Aggregated,24.600000,0.000000,110,760,1900,2300,3600,7300,8700,9100,9700,9800,9800,2436,0,110,1261.864247733987,20.107629999984056,9820.288682999944,106.95402298850574
1791148260,32,,Aggregated,24.800000,0.000000,110,760,1900,2300,3600,7300,8700,9100,9700,9800,9800,2500,0,110,1261.980762892396,20.107629999984056,9820.288682999944,106.7204
1791148261,32,,Aggregated,24.800000,0.000000,110,760,1900,2300,3600,7300,8700,9100,9700,9800,9800,2500,0,110,1261.980762892396,20.107629999984056,9820.288682999944,106.7204
1791148262,32,,Aggregated,24.800000,0.000000,110,760,1900,2300,3600,7300,8700,9100,9700,9800,9800,2500,0,110,1261.980762892396,20.107629999984056,9820.288682999944,106.7204
1791148263,32,,Aggregated,25.200000,0.000000,110,760,1900,2400,3600,7300,8700,9100,9700,9800,9800,2544,0,110,1267.1387152346654,20.107629999984056,9820.288682999944,107.05778301886792
1791148264,32,,Aggregated,25.200000,0.000000,110,760,1900,2400,3600,7300,8700,9100,9700,9800,9800,2544,0,110,1267.1387152346654,20.107629999984056,9820.288682999944,107.05778301886792
1791148265,32,,Aggregated,25.200000,0.000000,110,760,1900,2400,3600,7300,8700,9100,9700,9800,9800,2544,0,110,1267.1387152346654,20.107629999984056,9820.288682999944,107.05778301886792
1791148266,32,,Aggregated,22.800000,0.000000,110,770,1900,2400,3600,7400,8800,9200,9700,9800,9800,2594,0,110,1281.5972394336884,20.107629999984056,9820.288682999944,108.09290670778721
1791148267,32,,Aggregated,22.800000,0.000000,110,770,1900,2400,3600,7400,8800,9200,9700,9800,9800,2594,0,110,1281.5972394336884,20.107629999984056,9820.288682999944,108.09290670778721
1791148268,32,,Aggregated,22.800000,0.000000,110,770,1900,2400,3600,7400,8800,9200,9700,9800,9800,2594,0,110,1281.5972394336884,20.107629999984056,9820.288682999944,108.09290670778721
1791148269,32,,Aggregated,17.600000,0.000000,110,780,2000,2400,3700,7500,8800,9400,9700,9800,9800,2660,0,110,1302.0078132368374,20.107629999984056,9820.288682999944,109.46127819548872
1791148270,32,,Aggregated,17.600000,0.000000,110,780,2000,2400,3700,7500,8800,9400,9700,9800,9800,2660,0,110,1302.0078132368374,20.107629999984056,9820.288682999944,109.46127819548872
1791148271,32,,Aggregated,17.600000,0.000000,110,780,2000,2400,3700,7500,8800,9400,9700,9800,9800,2660,0,110,1302.0078132368374,20.107629999984056,9820.288682999944,109.46127819548872
1791148272,32,,Aggregated,18.200000,0.000000,110,780,2000,2400,3600,7500,8800,9400,9700,9800,9800,2742,0,110,1297.2637866750501,20.107629999984056,9820.288682999944,108.79029905178702
1791148273,32,,Aggregated,18.200000,0.000000,110,780,2000,2400,3600,7500,8800,9400,9700,9800,9800,2742,0,110,1297.2637866750501,20.107629999984056,9820.288682999944,108.79029905178702
1791148274,32,,Aggregated,18.200000,0.000000,110,780,2000,2400,3600,7500,8800,9400,9700,9800,9800,2742,0,110,1297.2637866750501,20.107629999984056,9820.288682999944,108.79029905178702
1791148275,32,,Aggregated,22.000000,0.000000,110,780,2000,2400,3700,7500,8800,9400,9700,9800,9800,2796,0,110,1297.3861091101526,20.107629999984056,9820.288682999944,108.65379113018598
1791148276,32,,Aggregated,22.000000,0.000000,110,780,2000,2400,3700,7500,8800,9400,9700,9800,9800,2796,0,110,1297.3861091101526,20.107629999984056,9820.288682999944,108.65379113018598
1791148277,32,,Aggregated,22.000000,0.000000,110,780,2000,2400,3700,7500,8800,9400,9700,9800,9800,2796,0,110,1297.3861091101526,20.107629999984056,9820.288682999944,108.65379113018598
1791148278,32,,Aggregated,21.800000,0.000000,110,780,2000,2400,3700,7500,8800,9400,9700,9800,9800,2858,0,110,1299.7575782354759,20.107629999984056,9820.288682999944,108.70888733379986
1791148279,64,,Aggregated,21.800000,0.000000,110,780,2000,2400,3700,7500,8800,9400,9700,9800,9800,2858,0,110,1299.7575782354759,20.107629999984056,9820.288682999944,108.70888733379986
1791148280,64,,Aggregated,21.800000,0.000000,110,780,2000,2400,3700,7500,8800,9400,9700,9800,9800,2858,0,110,1299.7575782354759,20.107629999984056,9820.288682999944,108.70888733379986
1791148281,64,,Aggregated,22.400000,0.000000,110,780,2000,2400,3700,7500,8800,9400,9800,9900,9900,2938,0,110,1304.4346390503713,20.107629999984056,9900.83262600001,108.58407079646018
1791148282,64,,Aggregated,22.400000,0.000000,110,780,2000,2400,3700,7500,8800,9400,9800,9900,9900,2938,0,110,1304.4346390503713,20.107629999984056,9900.83262600001,108.58407079646018
1791148283,64,,Aggregated,22.400000,0.000000,110,780,2000,2400,3700,7500,8800,9400,9800,9900,9900,2938,0,110,1304.4346390503713,20.107629999984056,9900.83262600001,108.58407079646018
1791148284,64,,Aggregated,21.800000,0.000000,120,790,2000,2400,3800,7500,8900,9400,9900,10000,10000,3038,0,120,1315.0903280536515,20.107629999984056,10399.064299000202,108.22778143515471
1791148285,64,,Aggregated,21.800000,0.000000,120,790,2000,2400,3800,7500,8900,9400,9900,10000,10000,3038,0,120,1315.0903280536515,20.107629999984056,10399.064299000202,108.22778143515471
1791148286,64,,Aggregated,21.800000,0.000000,120,790,2000,2400,3800,7500,8900,9400,9900,10000,10000,3038,0,120,1315.0903280536515,20.107629999984056,10399.064299000202,108.22778143515471
1791148287,64,,Aggregated,27.600000,0.000000,120,800,2000,2500,3900,7500,8900,9400,10000,11000,11000,3158,0,120,1325.1393750877116,20.107629999984056,11294.476694999958,107.74730842305256
1791148288,64,,Aggregated,27.600000,0.000000,120,800,2000,2500,3900,7500,8900,9400,10000,11000,11000,3158,0,120,1325.1393750877116,20.107629999984056,11294.476694999958,107.74730842305256
1791148289,64,,Aggregated,27.600000,0.000000,120,800,2000,2500,3900,7500,8900,9400,10000,11000,11000,3158,0,120,1325.1393750877116,20.107629999984056,11294.476694999958,107.74730842305256
1791148290,64,,Aggregated,33.600000,0.000000,120,800,2000,2500,3900,7500,8900,9400,11000,11000,11000,3264,0,120,1329.2904482276324,20.107629999984056,11432.91235300012,107.23223039215686
1791148291,64,,Aggregated,33.600000,0.000000,120,800,2000,2500,3900,7500,8900,9400,11000,11000,11000,3264,0,120,1329.2904482276324,20.107629999984056,11432.91235300012,107.23223039215686
1791148292,64,,Aggregated,33.600000,0.000000,120,800,2000,2500,3900,7500,8900,9400,11000,11000,11000,3264,0,120,1329.2904482276324,20.107629999984056,11432.91235300012,107.23223039215686
1791148293,64,,Aggregated,35.400000,0.000000,120,810,2000,2500,3900,7600,9100,9600,12000,12000,12000,3376,0,120,1348.0141053696664,20.107629999984056,12242.729043000054,107.63595971563981
1791148294,64,,Aggregated,35.400000,0.000000,120,810,2000,2500,3900,7600,9100,9600,12000,12000,12000,3376,0,120,1348.0141053696664,20.107629999984056,12242.729043000054,107.63595971563981
1791148295,64,,Aggregated,35.400000,0.000000,120,810,2000,2500,3900,7600,9100,9600,12000,12000,12000,3376,0,120,1348.0141053696664,20.107629999984056,12242.729043000054,107.63595971563981
1791148296,64,,Aggregated,37.800000,0.000000,120,820,2000,2500,3900,7600,9100,9600,12000,12000,12000,3512,0,120,1355.429287439349,20.107629999984056,12242.729043000054,107.20956719817768
1791148297,64,,Aggregated,37.800000,0.000000,120,820,2000,2500,3900,7600,9100,9600,12000,12000,12000,3512,0,120,1355.429287439349,20.107629999984056,12242.729043000054,107.20956719817768
1791148298,64,,Aggregated,37.800000,0.000000,120,820,2000,2500,3900,7600,9100,9600,12000,12000,12000,3512,0,120,1355.429287439349,20.107629999984056,12242.729043000054,107.20956719817768
1791148299,64,,Aggregated,40.000000,0.000000,120,830,2000,2500,4000,7700,9400,9800,12000,12000,12000,3620,0,120,1369.7908090582846,20.107629999984056,12242.729043000054,107.44116022099448
1791148300,64,,Aggregated,40.000000,0.000000,120,830,2000,2500,4000,7700,9400,9800,12000,12000,12000,3620,0,120,1369.7908090582846,20.107629999984056,12242.729043000054,107.44116022099448
1791148301,64,,Aggregated,40.000000,0.000000,120,830,2000,2500,4000,7700,9400,9800,12000,12000,12000,3620,0,120,1369.7908090582846,20.107629999984056,12242.729043000054,107.44116022099448
1791148302,64,,Aggregated,38.600000,0.000000,130,840,2000,2500,4000,7700,9400,9900,12000,12000,12000,3734,0,130,1377.228448425011,20.107629999984056,12242.729043000054,107.31869309051955
1791148303,64,,Aggregated,38.600000,0.000000,130,840,2000,2500,4000,7700,9400,9900,12000,12000,12000,3734,0,130,1377.228448425011,20.107629999984056,12242.729043000054,107.31869309051955
1791148304,64,,Aggregated,38.600000,0.000000,130,840,2000,2500,4000,7700,9400,9900,12000,12000,12000,3734,0,130,1377.228448425011,20.107629999984056,12242.729043000054,107.31869309051955
1791148305,64,,Aggregated,40.000000,0.000000,130,850,2000,2500,4000,7700,9400,10000,12000,12000,12000,3852,0,130,1390.9288260742433,20.107629999984056,12242.729043000054,107.59865005192108
1791148306,64,,Aggregated,40.000000,0.000000,130,850,2000,2500,4000,7700,9400,10000,12000,12000,12000,3852,0,130,1390.9288260742433,20.107629999984056,12242.729043000054,107.59865005192108
1791148307,64,,Aggregated,40.000000,0.000000,130,850,2000,2500,4000,7700,9400,10000,12000,12000,12000,3852,0,130,1390.9288260742433,20.107629999984056,12242.729043000054,107.59865005192108
1791148308,64,,Aggregated,39.200000,0.000000,130,850,2000,2600,4000,7800,9500,10000,12000,12000,12000,3986,0,130,1399.7846262084763,20.107629999984056,12242.729043000054,107.51254390366282
1791148309,64,,Aggregated,39.200000,0.000000,130,850,2000,2600,4000,7800,9500,10000,12000,12000,12000,3986,0,130,1399.7846262084763,20.107629999984056,12242.729043000054,107.51254390366282
1791148310,64,,Aggregated,39.200000,0.000000,130,850,2000,2600,4000,7800,9500,10000,12000,12000,12000,3986,0,130,1399.7846262084763,20.107629999984056,12242.729043000054,107.51254390366282
1791148311,64,,Aggregated,39.800000,0.000000,130,860,2000,2600,4000,7900,9500,10000,12000,12000,12000,4110,0,130,1404.2105305476857,20.107629999984056,12242.729043000054,107.2323600973236
1791148312,64,,Aggregated,39.800000,0.000000,130,860,2000,2600,4000,7900,9500,10000,12000,12000,12000,4110,0,130,1404.2105305476857,20.107629999984056,12242.729043000054,107.2323600973236
1791148313,64,,Aggregated,39.800000,0.000000,130,860,2000,2600,4000,7900,9500,10000,12000,12000,12000,4110,0,130,1404.2105305476857,20.107629999984056,12242.729043000054,107.2323600973236
1791148314,64,,Aggregated,42.800000,0.000000,130,870,2000,2600,4000,7800,9500,10000,12000,12000,12000,4220,0,130,1403.9143348409923,20.107629999984056,12242.729043000054,106.69194312796209
1791148315,64,,Aggregated,42.800000,0.000000,130,870,2000,2600,4000,7800,9500,10000,12000,12000,12000,4220,0,130,1403.9143348409923,20.107629999984056,12242.729043000054,106.69194312796209
1791148316,64,,Aggregated,42.800000,0.000000,130,870,2000,2600,4000,7800,9500,10000,12000,12000,12000,4220,0,130,1403.9143348409923,20.107629999984056,12242.729043000054,106.69194312796209
1791148317,64,,Aggregated,41.000000,0.000000,130,890,2100,2600,4000,7900,9600,10000,12000,12000,12000,4328,0,130,1418.1999153867812,20.107629999984056,12242.729043000054,107.14232902033272
1791148318,64,,Aggregated,41.000000,0.000000,130,890,2100,2600,4000,7900,9600,10000,12000,12000,12000,4328,0,130,1418.1999153867812,20.107629999984056,12242.729043000054,107.14232902033272
1791148319,64,,Aggregated,41.000000,0.000000,130,890,2100,2600,4000,7900,9600,10000,12000,12000,12000,4328,0,130,1418.1999153867812,20.107629999984056,12242.729043000054,107.14232902033272
1791148320,64,,Aggregated,38.600000,0.000000,130,890,2100,2600,4000,7900,9700,11000,12000,12000,12000,4436,0,130,1429.3403543778156,20.107629999984056,12242.729043000054,107.3809738503156
1791148321,64,,Aggregated,38.600000,0.000000,130,890,2100,2600,4000,7900,9700,11000,12000,12000,12000,4436,0,130,1429.3403543778156,20.107629999984056,12242.729043000054,107.3809738503156
1791148322,64,,Aggregated,38.600000,0.000000,130,890,2100,2600,4000,7900,9700,11000,12000,12000,12000,4436,0,130,1429.3403543778156,20.107629999984056,12242.729043000054,107.3809738503156
1791148323,64,,Aggregated,36.400000,0.000000,130,900,2100,2600,4100,7900,9800,11000,12000,12000,12000,4526,0,130,1442.2333903709655,20.107629999984056,12242.729043000054,107.76535572249227
1791148324,64,,Aggregated,36.400000,0.000000,130,900,2100,2600,4100,7900,9800,11000,12000,12000,12000,4526,0,130,1442.2333903709655,20.107629999984056,12242.729043000054,107.76535572249227
1791148325,64,,Aggregated,36.400000,0.000000,130,900,2100,2600,4100,7900,9800,11000,12000,12000,12000,4526,0,130,1442.2333903709655,20.107629999984056,12242.729043000054,107.76535572249227
1791148326,64,,Aggregated,33.400000,0.000000,130,910,2100,2600,4100,7900,9800,11000,12000,12000,12000,4646,0,130,1440.9817972955211,20.107629999984056,12242.729043000054,107.14937580714593
1791148327,64,,Aggregated,33.400000,0.000000,130,910,2100,2600,4100,7900,9800,11000,12000,12000,12000,4646,0,130,1440.9817972955211,20.107629999984056,12242.729043000054,107.14937580714593
1791148328,64,,Aggregated,33.400000,0.000000,130,910,2100,2600,4100,7900,9800,11000,12000,12000,12000,4646,0,130,1440.9817972955211,20.107629999984056,12242.729043000054,107.14937580714593
1791148330,64,,Aggregated,36.200000,0.000000,130,910,2100,2600,4100,7900,10000,11000,12000,12000,12000,4768,0,130,1452.8343186933703,20.107629999984056,12379.788760000338,107.31669463087249
1791148331,64,,Aggregated,36.200000,0.000000,130,910,2100,2600,4100,7900,10000,11000,12000,12000,12000,4768,0,130,1452.8343186933703,20.107629999984056,12379.788760000338,107.31669463087249
1791148332,64,,Aggregated,36.200000,0.000000,130,910,2100,2600,4100,7900,10000,11000,12000,12000,12000,4768,0,130,1452.8343186933703,20.107629999984056,12379.788760000338,107.31669463087249
1791148333,64,,Aggregated,37.400000,0.000000,140,910,2100,2700,4100,7900,10000,11000,12000,13000,13000,4914,0,140,1458.1129661387845,20.107629999984056,12551.921779999702,106.94546194546194
1791148334,64,,Aggregated,37.400000,0.000000,140,910,2100,2700,4100,7900,10000,11000,12000,13000,13000,4914,0,140,1458.1129661387845,20.107629999984056,12551.921779999702,106.94546194546194
1791148335,64,,Aggregated,37.400000,0.000000,140,910,2100,2700,4100,7900,10000,11000,12000,13000,13000,4914,0,140,1458.1129661387845,20.107629999984056,12551.921779999702,106.94546194546194
1791148336,64,,Aggregated,41.800000,0.000000,140,920,2100,2700,4100,7900,10000,11000,12000,13000,13000,5028,0,140,1459.0553257603387,20.107629999984056,12551.921779999702,106.54693715194908
1791148337,64,,Aggregated,41.800000,0.000000,140,920,2100,2700,4100,7900,10000,11000,12000,13000,13000,5028,0,140,1459.0553257603387,20.107629999984056,12551.921779999702,106.54693715194908
1791148338,64,,Aggregated,41.800000,0.000000,140,920,2100,2700,4100,7900,10000,11000,12000,13000,13000,5028,0,140,1459.0553257603387,20.107629999984056,12551.921779999702,106.54693715194908
1791148339,64,,Aggregated,41.800000,0.000000,140,930,2100,2700,4100,7900,10000,11000,12000,13000,13000,5148,0,140,1467.1320618764535,20.107629999984056,12551.921779999702,106.66938616938617
1791148340,96,,Aggregated,41.800000,0.000000,140,930,2100,2700,4100,7900,10000,11000,12000,13000,13000,5148,0,140,1467.1320618764535,20.107629999984056,12551.921779999702,106.66938616938617
1791148341,96,,Aggregated,41.800000,0.000000,140,930,2100,2700,4100,7900,10000,11000,12000,13000,13000,5148,0,140,1467.1320618764535,20.107629999984056,12551.921779999702,106.66938616938617
1791148342,96,,Aggregated,42.200000,0.000000,140,930,2100,2700,4100,7900,10000,11000,12000,13000,13000,5270,0,140,1461.0446213062578,20.107629999984056,12551.921779999702,105.67931688804553
1791148343,96,,Aggregated,42.200000,0.000000,140,930,2100,2700,4100,7900,10000,11000,12000,13000,13000,5270,0,140,1461.0446213062578,20.107629999984056,12551.921779999702,105.67931688804553
1791148344,96,,Aggregated,42.200000,0.000000,140,930,2100,2700,4100,7900,10000,11000,12000,13000,13000,5270,0,140,1461.0446213062578,20.107629999984056,12551.921779999702,105.67931688804553
1791148345,96,,Aggregated,39.800000,0.000000,140,930,2100,2700,4100,7900,10000,11000,12000,13000,13000,5398,0,140,1466.4508070005522,20.107629999984056,13006.649157000084,105.21007780659504
1791148346,96,,Aggregated,39.800000,0.000000,140,930,2100,2700,4100,7900,10000,11000,12000,13000,13000,5398,0,140,1466.4508070005522,20.107629999984056,13006.649157000084,105.21007780659504
1791148347,96,,Aggregated,39.800000,0.000000,140,930,2100,2700,4100,7900,10000,11000,12000,13000,13000,5398,0,140,1466.4508070005522,20.107629999984056,13006.649157000084,105.21007780659504
1791148348,96,,Aggregated,41.400000,0.000000,150,930,2100,2700,4200,7900,10000,11000,12000,13000,13000,5530,0,150,1474.3223504052396,20.107629999984056,13328.523955000037,104.80144665461121
1791148349,96,,Aggregated,41.400000,0.000000,150,930,2100,2700,4200,7900,10000,11000,12000,13000,13000,5530,0,150,1474.3223504052396,20.107629999984056,13328.523955000037,104.80144665461121
1791148350,96,,Aggregated,41.400000,0.000000,150,930,2100,2700,4200,7900,10000,11000,12000,13000,13000,5530,0,150,1474.3223504052396,20.107629999984056,13328.523955000037,104.80144665461121
1791148351,96,,Aggregated,45.200000,0.000000,150,940,2100,2700,4200,7900,10000,12000,13000,14000,14000,5680,0,150,1484.8581620142565,20.107629999984056,13911.613877000036,104.50264084507042
1791148352,96,,Aggregated,45.200000,0.000000,150,940,2100,2700,4200,7900,10000,12000,13000,14000,14000,5680,0,150,1484.8581620142565,20.107629999984056,13911.613877000036,104.50264084507042
1791148353,96,,Aggregated,45.200000,0.000000,150,940,2100,2700,4200,7900,10000,12000,13000,14000,14000,5680,0,150,1484.8581620142565,20.107629999984056,13911.613877000036,104.50264084507042
1791148354,96,,Aggregated,45.600000,0.000000,150,950,2100,2700,4300,7900,10000,12000,15000,15000,15000,5806,0,150,1505.8039125067128,20.107629999984056,14779.273303000082,104.9447123665174
1791148355,96,,Aggregated,45.600000,0.000000,150,950,2100,2700,4300,7900,10000,12000,15000,15000,15000,5806,0,150,1505.8039125067128,20.107629999984056,14779.273303000082,104.9447123665174
1791148356,96,,Aggregated,45.600000,0.000000,150,950,2100,2700,4300,7900,10000,12000,15000,15000,15000,5806,0,150,1505.8039125067128,20.107629999984056,14779.273303000082,104.9447123665174
1791148357,96,,Aggregated,45.200000,0.000000,150,950,2100,2800,4400,7900,11000,12000,15000,15000,15000,5952,0,150,1528.201620427583,20.107629999984056,15391.639166999994,105.26024865591398
1791148358,96,,Aggregated,45.200000,0.000000,150,950,2100,2800,4400,7900,11000,12000,15000,15000,15000,5952,0,150,1528.201620427583,20.107629999984056,15391.639166999994,105.26024865591398
1791148359,96,,Aggregated,45.200000,0.000000,150,950,2100,2800,4400,7900,11000,12000,15000,15000,15000,5952,0,150,1528.201620427583,20.107629999984056,15391.639166999994,105.26024865591398
1791148360,96,,Aggregated,46.400000,0.000000,150,960,2100,2800,4400,7900,11000,12000,15000,15000,15000,6056,0,150,1531.3605103214954,20.107629999984056,15391.639166999994,104.84610303830911
1791148361,96,,Aggregated,46.400000,0.000000,150,960,2100,2800,4400,7900,11000,12000,15000,15000,15000,6056,0,150,1531.3605103214954,20.107629999984056,15391.639166999994,104.84610303830911
1791148362,96,,Aggregated,46.400000,0.000000,150,960,2100,2800,4400,7900,11000,12000,15000,15000,15000,6056,0,150,1531.3605103214954,20.107629999984056,15391.639166999994,104.84610303830911
1791148363,96,,Aggregated,41.000000,0.000000,160,970,2100,2800,4600,8000,11000,12000,15000,15000,15000,6182,0,160,1558.1608384752467,20.107629999984056,15391.639166999994,105.52960207052733
1791148364,96,,Aggregated,41.000000,0.000000,160,970,2100,2800,4600,8000,11000,12000,15000,15000,15000,6182,0,160,1558.1608384752467,20.107629999984056,15391.639166999994,105.52960207052733
1791148365,96,,Aggregated,41.000000,0.000000,160,970,2100,2800,4600,8000,11000,12000,15000,15000,15000,6182,0,160,1558.1608384752467,20.107629999984056,15391.639166999994,105.52960207052733
1791148366,96,,Aggregated,41.600000,0.000000,160,970,2200,2800,4600,8000,11000,12000,15000,15000,15000,6308,0,160,1574.2767257452392,20.107629999984056,15457.049932000245,105.62555485098288
1791148367,96,,Aggregated,41.600000,0.000000,160,970,2200,2800,4600,8000,11000,12000,15000,15000,15000,6308,0,160,1574.2767257452392,20.107629999984056,15457.049932000245,105.62555485098288
1791148368,96,,Aggregated,41.600000,0.000000,160,970,2200,2800,4600,8000,11000,12000,15000,15000,15000,6308,0,160,1574.2767257452392,20.107629999984056,15457.049932000245,105.62555485098288
1791148369,96,,Aggregated,39.600000,0.000000,160,970,2200,2800,4600,8000,11000,12000,15000,16000,16000,6420,0,160,1582.5920182566933,20.107629999984056,15834.163253000042,105.46386292834892
1791148370,96,,Aggregated,39.600000,0.000000,160,970,2200,2800,4600,8000,11000,12000,15000,16000,16000,6420,0,160,1582.5920182566933,20.107629999984056,15834.163253000042,105.46386292834892
1791148371,96,,Aggregated,39.600000,0.000000,160,970,2200,2800,4600,8000,11000,12000,15000,16000,16000,6420,0,160,1582.5920182566933,20.107629999984056,15834.163253000042,105.46386292834892
1791148372,96,,Aggregated,41.200000,0.000000,160,970,2200,2900,4700,8100,11000,13000,15000,16000,16000,6548,0,160,1604.0435935473383,20.107629999984056,15834.163253000042,105.92776420281002
1791148373,96,,Aggregated,41.200000,0.000000,160,970,2200,2900,4700,8100,11000,13000,15000,16000,16000,6548,0,160,1604.0435935473383,20.107629999984056,15834.163253000042,105.92776420281002
1791148374,96,,Aggregated,41.200000,0.000000,160,970,2200,2900,4700,8100,11000,13000,15000,16000,16000,6548,0,160,1604.0435935473383,20.107629999984056,15834.163253000042,105.92776420281002
1791148375,96,,Aggregated,40.800000,0.000000,170,990,2200,2900,4700,8300,12000,13000,16000,16000,16000,6678,0,170,1621.043687181338,20.107629999984056,15834.163253000042,106.1644204851752
1791148376,96,,Aggregated,40.800000,0.000000,170,990,2200,2900,4700,8300,12000,13000,16000,16000,16000,6678,0,170,1621.043687181338,20.107629999984056,15834.163253000042,106.1644204851752
1791148377,96,,Aggregated,40.800000,0.000000,170,990,2200,2900,4700,8300,12000,13000,16000,16000,16000,6678,0,170,1621.043687181338,20.107629999984056,15834.163253000042,106.1644204851752
1791148378,96,,Aggregated,40.200000,0.000000,170,990,2200,2900,4800,8400,12000,13000,16000,16000,16000,6812,0,170,1632.7805024333486,20.107629999984056,15834.163253000042,106.1895184967704
1791148379,96,,Aggregated,40.200000,0.000000,170,990,2200,2900,4800,8400,12000,13000,16000,16000,16000,6812,0,170,1632.7805024333486,20.107629999984056,15834.163253000042,106.1895184967704
1791148380,96,,Aggregated,40.200000,0.000000,170,990,2200,2900,4800,8400,12000,13000,16000,16000,16000,6812,0,170,1632.7805024333486,20.107629999984056,15834.163253000042,106.1895184967704
1791148381,96,,Aggregated,43.400000,0.000000,170,1000,2200,2900,4800,8400,12000,14000,16000,16000,16000,6962,0,170,1642.3027630989613,20.107629999984056,15834.163253000042,106.03691467968974
1791148382,96,,Aggregated,43.400000,0.000000,170,1000,2200,2900,4800,8400,12000,14000,16000,16000,16000,6962,0,170,1642.3027630989613,20.107629999984056,15834.163253000042,106.03691467968974
1791148383,96,,Aggregated,43.400000,0.000000,170,1000,2200,2900,4800,8400,12000,14000,16000,16000,16000,6962,0,170,1642.3027630989613,20.107629999984056,15834.163253000042,106.03691467968974
1791148384,96,,Aggregated,46.400000,0.000000,170,1000,2200,2900,4800,8400,12000,14000,16000,16000,16000,7100,0,170,1650.091392771404,20.107629999984056,15834.163253000042,105.85760563380282
1791148385,96,,Aggregated,46.400000,0.000000,170,1000,2200,2900,4800,8400,12000,14000,16000,16000,16000,7100,0,170,1650.091392771404,20.107629999984056,15834.163253000042,105.85760563380282
1791148386,96,,Aggregated,46.400000,0.000000,170,1000,2200,2900,4800,8400,12000,14000,16000,16000,16000,7100,0,170,1650.091392771404,20.107629999984056,15834.163253000042,105.85760563380282
1791148387,96,,Aggregated,47.400000,0.000000,170,1000,2300,2900,4900,8400,12000,14000,16000,16000,16000,7222,0,170,1663.9437548882534,20.107629999984056,15834.163253000042,106.06203267792856
1791148388,96,,Aggregated,47.400000,0.000000,170,1000,2300,2900,4900,8400,12000,14000,16000,16000,16000,7222,0,170,1663.9437548882534,20.107629999984056,15834.163253000042,106.06203267792856
1791148389,96,,Aggregated,47.400000,0.000000,170,1000,2300,2900,4900,8400,12000,14000,16000,16000,16000,7222,0,170,1663.9437548882534,20.107629999984056,15834.163253000042,106.06203267792856
1791148390,96,,Aggregated,45.600000,0.000000,170,1000,2300,3000,4900,8500,12000,14000,16000,16000,16000,7348,0,170,1673.0780121890255,20.107629999984056,15834.163253000042,106.10152422427872
1791148391,96,,Aggregated,45.600000,0.000000,170,1000,2300,3000,4900,8500,12000,14000,16000,16000,16000,7348,0,170,1673.0780121890255,20.107629999984056,15834.163253000042,106.10152422427872
1791148392,96,,Aggregated,45.600000,0.000000,170,1000,2300,3000,4900,8500,12000,14000,16000,16000,16000,7348,0,170,1673.0780121890255,20.107629999984056,15834.163253000042,106.10152422427872
1791148393,96,,Aggregated,43.800000,0.000000,170,1000,2300,3000,4900,8500,12000,14000,16000,16000,16000,7448,0,170,1680.102931311353,20.107629999984056,15834.163253000042,106.07881310418904
1791148394,96,,Aggregated,43.800000,0.000000,170,1000,2300,3000,4900,8500,12000,14000,16000,16000,16000,7448,0,170,1680.102931311353,20.107629999984056,15834.163253000042,106.07881310418904
1791148395,96,,Aggregated,43.800000,0.000000,170,1000,2300,3000,4900,8500,12000,14000,16000,16000,16000,7448,0,170,1680.102931311353,20.107629999984056,15834.163253000042,106.07881310418904
1791148396,96,,Aggregated,39.000000,0.000000,170,1000,2300,3000,4900,8600,12000,14000,16000,16000,16000,7570,0,170,1695.5258481992012,20.107629999984056,15834.163253000042,106.46036988110964
1791148397,96,,Aggregated,39.000000,0.000000,170,1000,2300,3000,4900,8600,12000,14000,16000,16000,16000,7570,0,170,1695.5258481992012,20.107629999984056,15834.163253000042,106.46036988110964
1791148398,96,,Aggregated,39.000000,0.000000,170,1000,2300,3000,4900,8600,12000,14000,16000,16000,16000,7570,0,170,1695.5258481992012,20.107629999984056,15834.163253000042,106.46036988110964
1791148399,96,,Aggregated,37.600000,0.000000,170,1000,2300,3000,5000,8700,12000,15000,16000,16000,16000,7668,0,170,1711.5354221039318,20.107629999984056,15834.163253000042,106.99660928534168
1791148400,128,,Aggregated,37.600000,0.000000,170,1000,2300,3000,5000,8700,12000,15000,16000,16000,16000,7668,0,170,1711.5354221039318,20.107629999984056,15834.163253000042,106.99660928534168
1791148401,128,,Aggregated,37.600000,0.000000,170,1000,2300,3000,5000,8700,12000,15000,16000,16000,16000,7668,0,170,1711.5354221039318,20.107629999984056,15834.163253000042,106.99660928534168
1791148402,128,,Aggregated,35.200000,0.000000,170,1000,2300,3100,5000,8700,12000,15000,16000,16000,16000,7774,0,170,1730.5549283820371,20.107629999984056,15834.163253000042,107.52251093388217
1791148403,128,,Aggregated,35.200000,0.000000,170,1000,2300,3100,5000,8700,12000,15000,16000,16000,16000,7774,0,170,1730.5549283820371,20.107629999984056,15834.163253000042,107.52251093388217
1791148404,128,,Aggregated,35.200000,0.000000,170,1000,2300,3100,5000,8700,12000,15000,16000,16000,16000,7774,0,170,1730.5549283820371,20.107629999984056,15834.163253000042,107.52251093388217
1791148405,128,,Aggregated,36.200000,0.000000,180,1100,2400,3100,5000,8700,13000,15000,16000,16000,16000,7912,0,180,1741.657332229393,20.107629999984056,16052.534125999955,107.33569261880687
1791148406,128,,Aggregated,36.200000,0.000000,180,1100,2400,3100,5000,8700,13000,15000,16000,16000,16000,7912,0,180,1741.657332229393,20.107629999984056,16052.534125999955,107.33569261880687
1791148407,128,,Aggregated,36.200000,0.000000,180,1100,2400,3100,5000,8700,13000,15000,16000,16000,16000,7912,0,180,1741.657332229393,20.107629999984056,16052.534125999955,107.33569261880687
1791148408,128,,Aggregated,39.200000,0.000000,180,1100,2400,3100,5100,8800,13000,15000,16000,16000,16000,8066,0,180,1755.9931859187895,20.107629999984056,16409.457217999716,107.18956112075378
1791148409,128,,Aggregated,39.200000,0.000000,180,1100,2400,3100,5100,8800,13000,15000,16000,16000,16000,8066,0,180,1755.9931859187895,20.107629999984056,16409.457217999716,107.18956112075378
1791148410,128,,Aggregated,39.200000,0.000000,180,1100,2400,3100,5100,8800,13000,15000,16000,16000,16000,8066,0,180,1755.9931859187895,20.107629999984056,16409.457217999716,107.18956112075378
1791148411,128,,Aggregated,44.600000,0.000000,190,1100,2400,3100,5200,8800,13000,15000,16000,17000,17000,8226,0,190,1777.7240861948644,20.107629999984056,17093.04605599982,107.35898371018722
1791148412,128,,Aggregated,44.600000,0.000000,190,1100,2400,3100,5200,8800,13000,15000,16000,17000,17000,8226,0,190,1777.7240861948644,20.107629999984056,17093.04605599982,107.35898371018722
1791148413,128,,Aggregated,44.600000,0.000000,190,1100,2400,3100,5200,8800,13000,15000,16000,17000,17000,8226,0,190,1777.7240861948644,20.107629999984056,17093.04605599982,107.35898371018722
1791148414,128,,Aggregated,50.600000,0.000000,190,1100,2400,3100,5200,8800,13000,15000,16000,17000,17000,8378,0,190,1781.3769777794166,20.107629999984056,17149.75722400004,106.91525423728814
1791148415,128,,Aggregated,50.600000,0.000000,190,1100,2400,3100,5200,8800,13000,15000,16000,17000,17000,8378,0,190,1781.3769777794166,20.107629999984056,17149.75722400004,106.91525423728814
1791148416,128,,Aggregated,50.600000,0.000000,190,1100,2400,3100,5200,8800,13000,15000,16000,17000,17000,8378,0,190,1781.3769777794166,20.107629999984056,17149.75722400004,106.91525423728814
1791148417,128,,Aggregated,50.800000,0.000000,190,1100,2400,3100,5300,8800,13000,15000,17000,18000,18000,8504,0,190,1794.31499550364,20.107629999984056,17856.420549000177,106.983537158984
1791148418,128,,Aggregated,50.800000,0.000000,190,1100,2400,3100,5300,8800,13000,15000,17000,18000,18000,8504,0,190,1794.31499550364,20.107629999984056,17856.420549000177,106.983537158984
1791148419,128,,Aggregated,50.800000,0.000000,190,1100,2400,3100,5300,8800,13000,15000,17000,18000,18000,8504,0,190,1794.31499550364,20.107629999984056,17856.420549000177,106.983537158984
1791148420,128,,Aggregated,48.200000,0.000000,200,1100,2400,3200,5300,8900,13000,15000,18000,18000,18000,8670,0,200,1814.0858482450924,20.107629999984056,18162.07496600009,107.24429065743945
1791148421,128,,Aggregated,48.200000,0.000000,200,1100,2400,3200,5300,8900,13000,15000,18000,18000,18000,8670,0,200,1814.0858482450924,20.107629999984056,18162.07496600009,107.24429065743945
1791148422,128,,Aggregated,48.200000,0.000000,200,1100,2400,3200,5300,8900,13000,15000,18000,18000,18000,8670,0,200,1814.0858482450924,20.107629999984056,18162.07496600009,107.24429065743945
1791148423,128,,Aggregated,47.400000,0.000000,200,1100,2400,3200,5300,8900,13000,15000,18000,18000,18000,8778,0,200,1822.368641175319,20.107629999984056,18162.07496600009,107.25928457507405
1791148424,128,,Aggregated,47.400000,0.000000,200,1100,2400,3200,5300,8900,13000,15000,18000,18000,18000,8778,0,200,1822.368641175319,20.107629999984056,18162.07496600009,107.25928457507405
1791148425,128,,Aggregated,47.400000,0.000000,200,1100,2400,3200,5300,8900,13000,15000,18000,18000,18000,8778,0,200,1822.368641175319,20.107629999984056,18162.07496600009,107.25928457507405
1791148426,128,,Aggregated,44.200000,0.000000,200,1100,2500,3200,5400,9000,14000,15000,18000,18000,18000,8896,0,200,1840.2732973436316,20.107629999984056,18162.07496600009,107.66040917266187
1791148427,128,,Aggregated,44.200000,0.000000,200,1100,2500,3200,5400,9000,14000,15000,18000,18000,18000,8896,0,200,1840.2732973436316,20.107629999984056,18162.07496600009,107.66040917266187
1791148428,128,,Aggregated,44.200000,0.000000,200,1100,2500,3200,5400,9000,14000,15000,18000,18000,18000,8896,0,200,1840.2732973436316,20.107629999984056,18162.07496600009,107.66040917266187
1791148429,128,,Aggregated,43.200000,0.000000,210,1100,2500,3200,5500,9100,14000,15000,17000,18000,18000,9036,0,210,1860.486642059755,20.107629999984056,18162.07496600009,108.066401062417
1791148430,128,,Aggregated,43.200000,0.000000,210,1100,2500,3200,5500,9100,14000,15000,17000,18000,18000,9036,0,210,1860.486642059755,20.107629999984056,18162.07496600009,108.066401062417
1791148431,128,,Aggregated,43.200000,0.000000,210,1100,2500,3200,5500,9100,14000,15000,17000,18000,18000,9036,0,210,1860.486642059755,20.107629999984056,18162.07496600009,108.066401062417
1791148432,128,,Aggregated,43.200000,0.000000,210,1100,2500,3300,5600,9100,14000,15000,17000,18000,18000,9188,0,210,1876.2171477255054,20.107629999984056,18162.07496600009,108.21473661297344
1791148433,128,,Aggregated,43.200000,0.000000,210,1100,2500,3300,5600,9100,14000,15000,17000,18000,18000,9188,0,210,1876.2171477255054,20.107629999984056,18162.07496600009,108.21473661297344
1791148434,128,,Aggregated,43.200000,0.000000,210,1100,2500,3300,5600,9100,14000,15000,17000,18000,18000,9188,0,210,1876.2171477255054,20.107629999984056,18162.07496600009,108.21473661297344
1791148435,128,,Aggregated,45.000000,0.000000,210,1100,2500,3300,5600,9300,14000,15000,17000,18000,18000,9318,0,210,1890.910291121264,20.107629999984056,18162.07496600009,108.38946125778064
1791148436,128,,Aggregated,45.000000,0.000000,210,1100,2500,3300,5600,9300,14000,15000,17000,18000,18000,9318,0,210,1890.910291121264,20.107629999984056,18162.07496600009,108.38946125778064
1791148437,128,,Aggregated,45.000000,0.000000,210,1100,2500,3300,5600,9300,14000,15000,17000,18000,18000,9318,0,210,1890.910291121264,20.107629999984056,18162.07496600009,108.38946125778064
1791148438,128,,Aggregated,45.400000,0.000000,220,1100,2500,3300,5700,9400,14000,15000,18000,18000,18000,9482,0,220,1907.1031244517978,20.107629999984056,18162.07496600009,108.48164944104619
1791148439,128,,Aggregated,45.400000,0.000000,220,1100,2500,3300,5700,9400,14000,15000,18000,18000,18000,9482,0,220,1907.1031244517978,20.107629999984056,18162.07496600009,108.48164944104619
1791148440,128,,Aggregated,45.400000,0.000000,220,1100,2500,3300,5700,9400,14000,15000,18000,18000,18000,9482,0,220,1907.1031244517978,20.107629999984056,18162.07496600009,108.48164944104619
1791148441,128,,Aggregated,49.200000,0.000000,220,1100,2500,3300,5700,9400,15000,16000,18000,18000,18000,9604,0,220,1921.010074483335,20.107629999984056,18329.97167900021,108.61349437734278
1791148442,128,,Aggregated,49.200000,0.000000,220,1100,2500,3300,5700,9400,15000,16000,18000,18000,18000,9604,0,220,1921.010074483335,20.107629999984056,18329.97167900021,108.61349437734278
1791148443,128,,Aggregated,49.200000,0.000000,220,1100,2500,3300,5700,9400,15000,16000,18000,18000,18000,9604,0,220,1921.010074483335,20.107629999984056,18329.97167900021,108.61349437734278
1791148444,128,,Aggregated,45.800000,0.000000,220,1200,2600,3400,5700,9400,15000,16000,18000,18000,18000,9728,0,220,1931.8420399462327,20.107629999984056,18329.97167900021,108.64761513157895
1791148445,128,,Aggregated,45.800000,0.000000,220,1200,2600,3400,5700,9400,15000,16000,18000,18000,18000,9728,0,220,1931.8420399462327,20.107629999984056,18329.97167900021,108.64761513157895
1791148446,128,,Aggregated,45.800000,0.000000,220,1200,2600,3400,5700,9400,15000,16000,18000,18000,18000,9728,0,220,1931.8420399462327,20.107629999984056,18329.97167900021,108.64761513157895
1791148447,128,,Aggregated,46.800000,0.000000,230,1200,2600,3400,5800,9400,15000,16000,18000,18000,18000,9896,0,230,1950.1152785959935,20.107629999984056,18420.556690000012,108.87196847210994
1791148448,128,,Aggregated,46.800000,0.000000,230,1200,2600,3400,5800,9400,15000,16000,18000,18000,18000,9896,0,230,1950.1152785959935,20.107629999984056,18420.556690000012,108.87196847210994
1791148449,128,,Aggregated,46.800000,0.000000,230,1200,2600,3400,5800,9400,15000,16000,18000,18000,18000,9896,0,230,1950.1152785959935,20.107629999984056,18420.556690000012,108.87196847210994
1791148450,128,,Aggregated,46.600000,0.000000,230,1200,2600,3500,5800,9500,15000,16000,18000,19000,19000,10018,0,230,1966.6349244838236,20.107629999984056,18613.163991999954,109.1426432421641
1791148451,128,,Aggregated,46.600000,0.000000,230,1200,2600,3500,5800,9500,15000,16000,18000,19000,19000,10018,0,230,1966.6349244838236,20.107629999984056,18613.163991999954,109.1426432421641
1791148452,128,,Aggregated,46.600000,0.000000,230,1200,2600,3500,5800,9500,15000,16000,18000,19000,19000,10018,0,230,1966.6349244838236,20.107629999984056,18613.163991999954,109.1426432421641
1791148453,128,,Aggregated,46.000000,0.000000,230,1200,2600,3500,5800,9500,15000,16000,18000,19000,19000,10184,0,230,1975.2269756417852,20.107629999984056,18613.163991999954,108.9508051846033
1791148454,128,,Aggregated,46.000000,0.000000,230,1200,2600,3500,5800,9500,15000,16000,18000,19000,19000,10184,0,230,1975.2269756417852,20.107629999984056,18613.163991999954,108.9508051846033
1791148455,128,,Aggregated,46.000000,0.000000,230,1200,2600,3500,5800,9500,15000,16000,18000,19000,19000,10184,0,230,1975.2269756417852,20.107629999984056,18613.163991999954,108.9508051846033
1791148456,128,,Aggregated,50.600000,0.000000,240,1200,2600,3500,5800,9500,15000,16000,18000,19000,19000,10322,0,240,1982.6773320752704,20.107629999984056,18613.163991999954,108.8294904088355
1791148457,128,,Aggregated,50.600000,0.000000,240,1200,2600,3500,5800,9500,15000,16000,18000,19000,19000,10322,0,240,1982.6773320752704,20.107629999984056,18613.163991999954,108.8294904088355
1791148458,128,,Aggregated,50.600000,0.000000,240,1200,2600,3500,5800,9500,15000,16000,18000,19000,19000,10322,0,240,1982.6773320752704,20.107629999984056,18613.163991999954,108.8294904088355
1791148459,128,,Aggregated,46.400000,0.000000,240,1200,2600,3500,5800,9500,15000,16000,18000,19000,19000,10464,0,240,1989.410671474956,20.107629999984056,18613.163991999954,108.7497133027523
1791148460,192,,Aggregated,46.400000,0.000000,240,1200,2600,3500,5800,9500,15000,16000,18000,19000,19000,10464,0,240,1989.410671474956,20.107629999984056,18613.163991999954,108.7497133027523
1791148461,192,,Aggregated,46.400000,0.000000,240,1200,2600,3500,5800,9500,15000,16000,18000,19000,19000,10464,0,240,1989.410671474956,20.107629999984056,18613.163991999954,108.7497133027523
1791148462,192,,Aggregated,48.600000,0.000000,240,1200,2600,3500,5800,9500,15000,16000,18000,19000,19000,10586,0,240,1991.694720949172,20.107629999984056,18613.163991999954,108.42140563007746
1791148463,192,,Aggregated,48.600000,0.000000,240,1200,2600,3500,5800,9500,15000,16000,18000,19000,19000,10586,0,240,1991.694720949172,20.107629999984056,18613.163991999954,108.42140563007746
1791148464,192,,Aggregated,48.600000,0.000000,240,1200,2600,3500,5800,9500,15000,16000,18000,19000,19000,10586,0,240,1991.694720949172,20.107629999984056,18613.163991999954,108.42140563007746
1791148465,192,,Aggregated,47.000000,0.000000,250,1200,2600,3500,5900,9600,15000,16000,18000,19000,19000,10740,0,250,2006.9484038569778,20.107629999984056,19333.19543100015,108.22914338919925
1791148466,192,,Aggregated,47.000000,0.000000,250,1200,2600,3500,5900,9600,15000,16000,18000,19000,19000,10740,0,250,2006.9484038569778,20.107629999984056,19333.19543100015,108.22914338919925
1791148467,192,,Aggregated,47.000000,0.000000,250,1200,2600,3500,5900,9600,15000,16000,18000,19000,19000,10740,0,250,2006.9484038569778,20.107629999984056,19333.19543100015,108.22914338919925
1791148468,192,,Aggregated,46.200000,0.000000,260,1300,2600,3600,6000,9600,15000,17000,18000,20000,20000,10884,0,260,2024.7075109612222,20.107629999984056,19926.601026999833,108.11990077177508
1791148469,192,,Aggregated,46.200000,0.000000,260,1300,2600,3600,6000,9600,15000,17000,18000,20000,20000,10884,0,260,2024.7075109612222,20.107629999984056,19926.601026999833,108.11990077177508
1791148470,192,,Aggregated,46.200000,0.000000,260,1300,2600,3600,6000,9600,15000,17000,18000,20000,20000,10884,0,260,2024.7075109612222,20.107629999984056,19926.601026999833,108.11990077177508
1791148471,192,,Aggregated,48.800000,0.000000,280,1300,2700,3600,6000,9600,15000,17000,19000,20000,21000,11054,0,280,2048.0794589642605,20.107629999984056,20706.18655599992,108.00949882395513
1791148472,192,,Aggregated,48.800000,0.000000,280,1300,2700,3600,6000,9600,15000,17000,19000,20000,21000,11054,0,280,2048.0794589642605,20.107629999984056,20706.18655599992,108.00949882395513
1791148473,192,,Aggregated,48.800000,0.000000,280,1300,2700,3600,6000,9600,15000,17000,19000,20000,21000,11054,0,280,2048.0794589642605,20.107629999984056,20706.18655599992,108.00949882395513
1791148474,192,,Aggregated,51.800000,0.000000,280,1300,2700,3600,6100,9800,15000,17000,20000,22000,22000,11182,0,280,2069.0973810304895,20.107629999984056,21899.243542000022,108.04247898408155
1791148475,192,,Aggregated,51.800000,0.000000,280,1300,2700,3600,6100,9800,15000,17000,20000,22000,22000,11182,0,280,2069.0973810304895,20.107629999984056,21899.243542000022,108.04247898408155
1791148476,192,,Aggregated,51.800000,0.000000,280,1300,2700,3600,6100,9800,15000,17000,20000,22000,22000,11182,0,280,2069.0973810304895,20.107629999984056,21899.243542000022,108.04247898408155
1791148477,192,,Aggregated,48.800000,0.000000,300,1300,2700,3700,6300,9900,15000,17000,21000,23000,23000,11336,0,300,2091.211359627376,20.107629999984056,22733.0004129999,107.9993824982357
1791148478,192,,Aggregated,48.800000,0.000000,300,1300,2700,3700,6300,9900,15000,17000,21000,23000,23000,11336,0,300,2091.211359627376,20.107629999984056,22733.0004129999,107.9993824982357
1791148479,192,,Aggregated,48.800000,0.000000,300,1300,2700,3700,6300,9900,15000,17000,21000,23000,23000,11336,0,300,2091.211359627376,20.107629999984056,22733.0004129999,107.9993824982357
1791148480,192,,Aggregated,48.600000,0.000000,310,1300,2700,3700,6300,9900,15000,17000,22000,23000,23000,11486,0,310,2105.505089927559,20.107629999984056,23470.583498999986,107.79392303674038
1791148481,192,,Aggregated,48.600000,0.000000,310,1300,2700,3700,6300,9900,15000,17000,22000,23000,23000,11486,0,310,2105.505089927559,20.107629999984056,23470.583498999986,107.79392303674038
1791148482,192,,Aggregated,48.600000,0.000000,310,1300,2700,3700,6300,9900,15000,17000,22000,23000,23000,11486,0,310,2105.505089927559,20.107629999984056,23470.583498999986,107.79392303674038
1791148483,192,,Aggregated,48.600000,0.000000,310,1300,2700,3700,6400,10000,15000,17000,22000,24000,24000,11642,0,310,2127.3777942962497,20.107629999984056,24167.824063000353,107.76945542003092
1791148484,192,,Aggregated,48.600000,0.000000,310,1300,2700,3700,6400,10000,15000,17000,22000,24000,24000,11642,0,310,2127.3777942962497,20.107629999984056,24167.824063000353,107.76945542003092
1791148485,192,,Aggregated,48.600000,0.000000,310,1300,2700,3700,6400,10000,15000,17000,22000,24000,24000,11642,0,310,2127.3777942962497,20.107629999984056,24167.824063000353,107.76945542003092
1791148486,192,,Aggregated,50.000000,0.000000,320,1300,2700,3700,6500,10000,15000,17000,23000,26000,26000,11806,0,320,2155.4186440254057,20.107629999984056,25740.819806999752,107.93139081822802
1791148487,192,,Aggregated,50.000000,0.000000,320,1300,2700,3700,6500,10000,15000,17000,23000,26000,26000,11806,0,320,2155.4186440254057,20.107629999984056,25740.819806999752,107.93139081822802
1791148488,192,,Aggregated,50.200000,0.000000,320,1300,2700,3700,6500,10000,15000,17000,23000,26000,26000,11818,0,320,2157.204182037565,20.107629999984056,25740.819806999752,107.93924521915721
1791148489,192,,Aggregated,52.000000,0.000000,330,1300,2800,3700,6600,10000,15000,18000,25000,26000,26000,11962,0,330,2185.1764792720237,20.107629999984056,25918.10896700008,108.21033272028089
1791148490,192,,Aggregated,52.000000,0.000000,330,1300,2800,3700,6600,10000,15000,18000,25000,26000,26000,11962,0,330,2185.1764792720237,20.107629999984056,25918.10896700008,108.21033272028089
1791148491,192,,Aggregated,50.800000,0.000000,330,1300,2800,3800,6600,10000,15000,18000,25000,26000,26000,11990,0,330,2189.3488127466176,20.107629999984056,25918.10896700008,108.2278565471226
1791148492,192,,Aggregated,53.600000,0.000000,340,1300,2800,3800,6700,10000,15000,18000,25000,26000,26000,12132,0,340,2204.772183587698,20.107629999984056,25918.10896700008,108.15710517639302
1791148493,192,,Aggregated,53.600000,0.000000,340,1300,2800,3800,6700,10000,15000,18000,25000,26000,26000,12132,0,340,2204.772183587698,20.107629999984056,25918.10896700008,108.15710517639302
1791148494,192,,Aggregated,52.800000,0.000000,340,1300,2800,3800,6700,10000,15000,18000,25000,26000,26000,12162,0,340,2210.157886913168,20.107629999984056,25918.10896700008,108.21534287123828
1791148495,192,,Aggregated,52.200000,0.000000,340,1400,2800,3800,6800,11000,16000,18000,25000,26000,26000,12278,0,340,2227.72254962241,20.107629999984056,25918.10896700008,108.3518488353152
1791148496,192,,Aggregated,52.200000,0.000000,340,1400,2800,3800,6800,11000,16000,18000,25000,26000,26000,12278,0,340,2227.72254962241,20.107629999984056,25918.10896700008,108.3518488353152
1791148497,192,,Aggregated,51.800000,0.000000,340,1400,2800,3800,6900,11000,16000,18000,25000,26000,26000,12310,0,340,2229.5003860489805,20.107629999984056,25918.10896700008,108.28740861088546
1791148498,192,,Aggregated,55.000000,0.000000,350,1400,2800,3800,7000,11000,16000,18000,25000,26000,26000,12430,0,350,2247.0137956737694,20.107629999984056,25918.10896700008,108.40249396621078
1791148499,192,,Aggregated,55.000000,0.000000,350,1400,2800,3800,7000,11000,16000,18000,25000,26000,26000,12430,0,350,2247.0137956737694,20.107629999984056,25918.10896700008,108.40249396621078
1791148500,192,,Aggregated,48.800000,0.000000,350,1400,2800,3800,7000,11000,16000,18000,25000,26000,26000,12472,0,350,2251.2227810845857,20.107629999984056,25918.10896700008,108.37042976266838
1791148501,192,,Aggregated,50.600000,0.000000,350,1400,2800,3900,7200,11000,16000,18000,25000,26000,26000,12602,0,350,2271.459014670604,20.107629999984056,25918.10896700008,108.50714172353595
1791148502,192,,Aggregated,50.600000,0.000000,350,1400,2800,3900,7200,11000,16000,18000,25000,26000,26000,12602,0,350,2271.459014670604,20.107629999984056,25918.10896700008,108.50714172353595
1791148503,192,,Aggregated,51.000000,0.000000,360,1400,2800,3900,7200,11000,16000,18000,25000,26000,26000,12710,0,360,2277.807760142168,20.107629999984056,25918.10896700008,108.3066089693155
1791148504,192,,Aggregated,52.200000,0.000000,360,1400,2800,3900,7200,11000,16000,18000,25000,26000,26000,12778,0,360,2288.4701536068205,20.107629999984056,25918.10896700008,108.39513225856942
1791148505,192,,Aggregated,52.200000,0.000000,360,1400,2800,3900,7200,11000,16000,18000,25000,26000,26000,12778,0,360,2288.4701536068205,20.107629999984056,25918.10896700008,108.39513225856942
1791148506,192,,Aggregated,52.400000,0.000000,370,1400,2900,3900,7200,11000,16000,18000,25000,26000,26000,12910,0,370,2299.023260579237,20.107629999984056,25918.10896700008,108.2428350116189
1791148507,192,,Aggregated,52.400000,0.000000,370,1400,2900,3900,7200,11000,16000,18000,25000,26000,26000,12910,0,370,2299.023260579237,20.107629999984056,25918.10896700008,108.2428350116189
1791148508,192,,Aggregated,52.400000,0.000000,370,1400,2900,3900,7200,11000,16000,18000,25000,26000,26000,12910,0,370,2299.023260579237,20.107629999984056,25918.10896700008,108.2428350116189
1791148509,192,,Aggregated,52.200000,0.000000,370,1400,2900,3900,7300,11000,16000,19000,25000,26000,26000,13054,0,370,2319.171353392826,20.107629999984056,25918.10896700008,108.37827485828099
1791148510,192,,Aggregated,52.200000,0.000000,370,1400,2900,3900,7300,11000,16000,19000,25000,26000,26000,13054,0,370,2319.171353392826,20.107629999984056,25918.10896700008,108.37827485828099
1791148511,192,,Aggregated,52.200000,0.000000,370,1400,2900,3900,7300,11000,16000,19000,25000,26000,26000,13054,0,370,2319.171353392826,20.107629999984056,25918.10896700008,108.37827485828099
1791148512,192,,Aggregated,51.200000,0.000000,380,1400,2900,4000,7400,11000,16000,20000,25000,26000,26000,13194,0,380,2339.9346997321472,20.107629999984056,25918.10896700008,108.58428073366682
1791148513,192,,Aggregated,51.200000,0.000000,380,1400,2900,4000,7400,11000,16000,20000,25000,26000,26000,13194,0,380,2339.9346997321472,20.107629999984056,25918.10896700008,108.58428073366682
1791148514,192,,Aggregated,51.200000,0.000000,380,1400,2900,4000,7400,11000,16000,20000,25000,26000,26000,13194,0,380,2339.9346997321472,20.107629999984056,25918.10896700008,108.58428073366682
1791148515,192,,Aggregated,48.800000,0.000000,380,1400,2900,4000,7400,12000,17000,20000,25000,26000,26000,13344,0,380,2354.7186621127057,20.107629999984056,25918.10896700008,108.59757194244604
1791148516,192,,Aggregated,48.800000,0.000000,380,1400,2900,4000,7400,12000,17000,20000,25000,26000,26000,13344,0,380,2354.7186621127057,20.107629999984056,25918.10896700008,108.59757194244604
1791148517,192,,Aggregated,48.800000,0.000000,380,1400,2900,4000,7400,12000,17000,20000,25000,26000,26000,13344,0,380,2354.7186621127057,20.107629999984056,25918.10896700008,108.59757194244604
1791148518,192,,Aggregated,48.400000,0.000000,390,1400,2900,4000,7400,12000,17000,21000,25000,26000,26000,13504,0,390,2377.226554365444,20.107629999984056,25918.10896700008,108.84441646919431
1791148519,192,,Aggregated,48.400000,0.000000,390,1400,2900,4000,7400,12000,17000,21000,25000,26000,26000,13504,0,390,2377.226554365444,20.107629999984056,25918.10896700008,108.84441646919431
1791148520,256,,Aggregated,48.400000,0.000000,390,1400,2900,4000,7400,12000,17000,21000,25000,26000,26000,13504,0,390,2377.226554365444,20.107629999984056,25918.10896700008,108.84441646919431
1791148521,256,,Aggregated,51.400000,0.000000,390,1400,2900,4000,7400,12000,17000,21000,25000,26000,26000,13618,0,390,2389.5877975448634,20.107629999984056,25918.10896700008,108.85901013364665
1791148522,256,,Aggregated,51.400000,0.000000,390,1400,2900,4000,7400,12000,17000,21000,25000,26000,26000,13618,0,390,2389.5877975448634,20.107629999984056,25918.10896700008,108.85901013364665
1791148523,256,,Aggregated,51.400000,0.000000,390,1400,2900,4000,7400,12000,17000,21000,25000,26000,26000,13618,0,390,2389.5877975448634,20.107629999984056,25918.10896700008,108.85901013364665
1791148524,256,,Aggregated,50.200000,0.000000,400,1400,3000,4000,7500,12000,17000,21000,25000,26000,26000,13770,0,400,2405.686351011107,20.107629999984056,25918.10896700008,108.72614379084968
1791148525,256,,Aggregated,50.200000,0.000000,400,1400,3000,4000,7500,12000,17000,21000,25000,26000,26000,13770,0,400,2405.686351011107,20.107629999984056,25918.10896700008,108.72614379084968
1791148526,256,,Aggregated,50.200000,0.000000,400,1400,3000,4000,7500,12000,17000,21000,25000,26000,26000,13770,0,400,2405.686351011107,20.107629999984056,25918.10896700008,108.72614379084968
1791148527,256,,Aggregated,48.000000,0.000000,400,1400,3000,4100,7500,12000,17000,21000,25000,26000,26000,13928,0,400,2423.4933301534998,20.107629999984056,25918.10896700008,108.56863871338311
1791148528,256,,Aggregated,48.000000,0.000000,400,1400,3000,4100,7500,12000,17000,21000,25000,26000,26000,13928,0,400,2423.4933301534998,20.107629999984056,25918.10896700008,108.56863871338311
1791148529,256,,Aggregated,48.000000,0.000000,400,1400,3000,4100,7500,12000,17000,21000,25000,26000,26000,13928,0,400,2423.4933301534998,20.107629999984056,25918.10896700008,108.56863871338311
1791148530,256,,Aggregated,45.000000,0.000000,410,1400,3000,4100,7600,12000,17000,22000,26000,27000,27000,14096,0,410,2447.6964637775927,20.107629999984056,27219.252548999975,108.52731271282633
1791148531,256,,Aggregated,45.000000,0.000000,410,1400,3000,4100,7600,12000,17000,22000,26000,27000,27000,14096,0,410,2447.6964637775927,20.107629999984056,27219.252548999975,108.52731271282633
1791148532,256,,Aggregated,45.000000,0.000000,410,1400,3000,4100,7600,12000,17000,22000,26000,27000,27000,14096,0,410,2447.6964637775927,20.107629999984056,27219.252548999975,108.52731271282633
1791148533,256,,Aggregated,51.800000,0.000000,410,1500,3000,4100,7700,12000,17000,22000,26000,27000,27000,14276,0,410,2472.2613223846274,20.107629999984056,27496.198379999896,108.39843093303446
1791148534,256,,Aggregated,51.800000,0.000000,410,1500,3000,4100,7700,12000,17000,22000,26000,27000,27000,14276,0,410,2472.2613223846274,20.107629999984056,27496.198379999896,108.39843093303446
1791148535,256,,Aggregated,51.800000,0.000000,410,1500,3000,4100,7700,12000,17000,22000,26000,27000,27000,14276,0,410,2472.2613223846274,20.107629999984056,27496.198379999896,108.39843093303446
1791148536,256,,Aggregated,56.800000,0.000000,420,1500,3000,4100,7800,12000,17000,22000,27000,28000,29000,14404,0,420,2492.875913396067,20.107629999984056,28668.5514159999,108.4103026936962
1791148537,256,,Aggregated,56.800000,0.000000,420,1500,3000,4100,7800,12000,17000,22000,27000,28000,29000,14404,0,420,2492.875913396067,20.107629999984056,28668.5514159999,108.4103026936962
1791148538,256,,Aggregated,56.800000,0.000000,420,1500,3000,4100,7800,12000,17000,22000,27000,28000,29000,14404,0,420,2492.875913396067,20.107629999984056,28668.5514159999,108.4103026936962
1791148539,256,,Aggregated,56.000000,0.000000,430,1500,3100,4100,7800,12000,18000,23000,27000,29000,29000,14566,0,430,2523.327627522241,20.107629999984056,29125.358965000032,108.53329671838529
1791148540,256,,Aggregated,56.000000,0.000000,430,1500,3100,4100,7800,12000,18000,23000,27000,29000,29000,14566,0,430,2523.327627522241,20.107629999984056,29125.358965000032,108.53329671838529
1791148541,256,,Aggregated,56.000000,0.000000,430,1500,3100,4100,7800,12000,18000,23000,27000,29000,29000,14566,0,430,2523.327627522241,20.107629999984056,29125.358965000032,108.53329671838529
1791148542,256,,Aggregated,55.400000,0.000000,430,1500,3100,4200,7900,12000,18000,23000,27000,30000,30000,14722,0,430,2541.0197490159608,20.107629999984056,30065.76825000002,108.35993750849069
1791148543,256,,Aggregated,55.400000,0.000000,430,1500,3100,4200,7900,12000,18000,23000,27000,30000,30000,14722,0,430,2541.0197490159608,20.107629999984056,30065.76825000002,108.35993750849069
1791148544,256,,Aggregated,55.400000,0.000000,430,1500,3100,4200,7900,12000,18000,23000,27000,30000,30000,14722,0,430,2541.0197490159608,20.107629999984056,30065.76825000002,108.35993750849069
1791148545,256,,Aggregated,51.800000,0.000000,440,1500,3100,4200,7900,12000,18000,23000,29000,31000,31000,14918,0,440,2572.404523262701,20.107629999984056,30781.92877399988,108.38738436787773
1791148546,256,,Aggregated,51.800000,0.000000,440,1500,3100,4200,7900,12000,18000,23000,29000,31000,31000,14918,0,440,2572.404523262701,20.107629999984056,30781.92877399988,108.38738436787773
1791148547,256,,Aggregated,51.800000,0.000000,440,1500,3100,4200,7900,12000,18000,23000,29000,31000,31000,14918,0,440,2572.404523262701,20.107629999984056,30781.92877399988,108.38738436787773
1791148548,256,,Aggregated,55.200000,0.000000,450,1500,3100,4200,8000,12000,18000,23000,29000,31000,31000,15082,0,450,2590.0716148089755,20.107629999984056,30854.889157999878,108.23040710781063
1791148549,256,,Aggregated,55.200000,0.000000,450,1500,3100,4200,8000,12000,18000,23000,29000,31000,31000,15082,0,450,2590.0716148089755,20.107629999984056,30854.889157999878,108.23040710781063
1791148550,256,,Aggregated,55.200000,0.000000,450,1500,3100,4200,8000,12000,18000,23000,29000,31000,31000,15082,0,450,2590.0716148089755,20.107629999984056,30854.889157999878,108.23040710781063
1791148551,256,,Aggregated,54.000000,0.000000,450,1500,3100,4300,8100,12000,18000,24000,30000,32000,33000,15252,0,450,2618.8892393976503,20.107629999984056,32605.408135999824,108.3181222134802
1791148552,256,,Aggregated,54.000000,0.000000,450,1500,3100,4300,8100,12000,18000,24000,30000,32000,33000,15252,0,450,2618.8892393976503,20.107629999984056,32605.408135999824,108.3181222134802
1791148553,256,,Aggregated,54.000000,0.000000,450,1500,3100,4300,8100,12000,18000,24000,30000,32000,33000,15252,0,450,2618.8892393976503,20.107629999984056,32605.408135999824,108.3181222134802
1791148554,256,,Aggregated,54.400000,0.000000,460,1500,3100,4300,8200,12000,18000,24000,31000,33000,33000,15426,0,460,2651.2917122926206,20.107629999984056,32991.30560799995,108.4568909633087
1791148555,256,,Aggregated,54.400000,0.000000,460,1500,3100,4300,8200,12000,18000,24000,31000,33000,33000,15426,0,460,2651.2917122926206,20.107629999984056,32991.30560799995,108.4568909633087
1791148556,256,,Aggregated,54.400000,0.000000,460,1500,3100,4300,8200,12000,18000,24000,31000,33000,33000,15426,0,460,2651.2917122926206,20.107629999984056,32991.30560799995,108.4568909633087
1791148557,256,,Aggregated,58.800000,0.000000,470,1600,3100,4300,8200,12000,18000,24000,32000,33000,33000,15604,0,470,2668.7124896364367,20.107629999984056,32991.30560799995,108.21462445526788
1791148558,256,,Aggregated,58.800000,0.000000,470,1600,3100,4300,8200,12000,18000,24000,32000,33000,33000,15604,0,470,2668.7124896364367,20.107629999984056,32991.30560799995,108.21462445526788
1791148559,256,,Aggregated,58.800000,0.000000,470,1600,3100,4300,8200,12000,18000,24000,32000,33000,33000,15604,0,470,2668.7124896364367,20.107629999984056,32991.30560799995,108.21462445526788
1791148560,256,,Aggregated,57.000000,0.000000,470,1600,3100,4300,8200,12000,18000,24000,32000,33000,33000,15740,0,470,2686.547518322806,20.107629999984056,32991.30560799995,108.18030495552732
1791148561,256,,Aggregated,57.000000,0.000000,470,1600,3100,4300,8200,12000,18000,24000,32000,33000,33000,15740,0,470,2686.547518322806,20.107629999984056,32991.30560799995,108.18030495552732
1791148562,256,,Aggregated,57.000000,0.000000,470,1600,3100,4300,8200,12000,18000,24000,32000,33000,33000,15740,0,470,2686.547518322806,20.107629999984056,32991.30560799995,108.18030495552732
1791148563,256,,Aggregated,59.000000,0.000000,480,1600,3200,4400,8300,12000,19000,24000,32000,33000,33000,15908,0,480,2706.114689616668,20.107629999984056,32991.30560799995,108.08002263012321
1791148564,256,,Aggregated,59.000000,0.000000,480,1600,3200,4400,8300,12000,19000,24000,32000,33000,33000,15908,0,480,2706.114689616668,20.107629999984056,32991.30560799995,108.08002263012321
1791148565,256,,Aggregated,59.000000,0.000000,480,1600,3200,4400,8300,12000,19000,24000,32000,33000,33000,15908,0,480,2706.114689616668,20.107629999984056,32991.30560799995,108.08002263012321
1791148566,256,,Aggregated,51.400000,0.000000,480,1600,3200,4400,8400,13000,20000,25000,32000,33000,33000,16062,0,480,2736.3882074889775,20.107629999984056,32991.30560799995,108.2853318391234
1791148567,256,,Aggregated,51.400000,0.000000,480,1600,3200,4400,8400,13000,20000,25000,32000,33000,33000,16062,0,480,2736.3882074889775,20.107629999984056,32991.30560799995,108.2853318391234
1791148568,256,,Aggregated,51.400000,0.000000,480,1600,3200,4400,8400,13000,20000,25000,32000,33000,33000,16062,0,480,2736.3882074889775,20.107629999984056,32991.30560799995,108.2853318391234
1791148569,256,,Aggregated,53.200000,0.000000,490,1600,3200,4400,8400,13000,20000,25000,32000,33000,33000,16224,0,490,2752.23343053513,20.107629999984056,32991.30560799995,108.13997781065089
1791148570,256,,Aggregated,53.200000,0.000000,490,1600,3200,4400,8400,13000,20000,25000,32000,33000,33000,16224,0,490,2752.23343053513,20.107629999984056,32991.30560799995,108.13997781065089
1791148571,256,,Aggregated,53.200000,0.000000,490,1600,3200,4400,8400,13000,20000,25000,32000,33000,33000,16224,0,490,2752.23343053513,20.107629999984056,32991.30560799995,108.13997781065089
1791148572,256,,Aggregated,50.600000,0.000000,490,1600,3200,4400,8500,13000,20000,25000,32000,33000,33000,16362,0,490,2775.463809777286,20.107629999984056,32991.30560799995,108.26989365603227
1791148573,256,,Aggregated,50.600000,0.000000,490,1600,3200,4400,8500,13000,20000,25000,32000,33000,33000,16362,0,490,2775.463809777286,20.107629999984056,32991.30560799995,108.26989365603227
1791148574,256,,Aggregated,50.600000,0.000000,490,1600,3200,4400,8500,13000,20000,25000,32000,33000,33000,16362,0,490,2775.463809777286,20.107629999984056,32991.30560799995,108.26989365603227
1791148575,256,,Aggregated,50.200000,0.000000,490,1600,3200,4500,8600,13000,21000,25000,32000,33000,33000,16484,0,490,2797.6446657353163,20.107629999984056,32991.30560799995,108.43369327833051
1791148576,256,,Aggregated,50.200000,0.000000,490,1600,3200,4500,8600,13000,21000,25000,32000,33000,33000,16484,0,490,2797.6446657353163,20.107629999984056,32991.30560799995,108.43369327833051
1791148577,256,,Aggregated,50.200000,0.000000,490,1600,3200,4500,8600,13000,21000,25000,32000,33000,33000,16484,0,490,2797.6446657353163,20.107629999984056,32991.30560799995,108.43369327833051
1791148578,256,,Aggregated,48.000000,0.000000,500,1600,3200,4500,8700,13000,21000,26000,32000,33000,33000,16652,0,500,2831.8000747233937,20.107629999984056,32991.30560799995,108.75
1791148579,256,,Aggregated,48.000000,0.000000,500,1600,3200,4500,8700,13000,21000,26000,32000,33000,33000,16652,0,500,2831.8000747233937,20.107629999984056,32991.30560799995,108.75
1791148580,384,,Aggregated,48.000000,0.000000,500,1600,3200,4500,8700,13000,21000,26000,32000,33000,33000,16652,0,500,2831.8000747233937,20.107629999984056,32991.30560799995,108.75
1791148581,384,,Aggregated,47.200000,0.000000,500,1600,3300,4600,8700,13000,21000,26000,32000,33000,33000,16784,0,500,2851.564199729561,20.107629999984056,32991.30560799995,108.8472354623451
1791148582,384,,Aggregated,47.200000,0.000000,500,1600,3300,4600,8700,13000,21000,26000,32000,33000,33000,16784,0,500,2851.564199729561,20.107629999984056,32991.30560799995,108.8472354623451
1791148583,384,,Aggregated,47.200000,0.000000,500,1600,3300,4600,8700,13000,21000,26000,32000,33000,33000,16784,0,500,2851.564199729561,20.107629999984056,32991.30560799995,108.8472354623451
1791148584,384,,Aggregated,47.000000,0.000000,510,1700,3300,4600,8800,13000,22000,26000,32000,33000,33000,16928,0,510,2873.593506683834,20.107629999984056,32991.30560799995,108.86129489603024
1791148585,384,,Aggregated,47.000000,0.000000,510,1700,3300,4600,8800,13000,22000,26000,32000,33000,33000,16928,0,510,2873.593506683834,20.107629999984056,32991.30560799995,108.86129489603024
1791148586,384,,Aggregated,47.000000,0.000000,510,1700,3300,4600,8800,13000,22000,26000,32000,33000,33000,16928,0,510,2873.593506683834,20.107629999984056,32991.30560799995,108.86129489603024
1791148587,384,,Aggregated,47.800000,0.000000,510,1700,3400,4700,8800,13000,22000,27000,32000,33000,33000,17096,0,510,2911.2594159871282,20.107629999984056,32991.30560799995,108.85797847449696
1791148588,384,,Aggregated,47.800000,0.000000,510,1700,3400,4700,8800,13000,22000,27000,32000,33000,33000,17096,0,510,2911.2594159871282,20.107629999984056,32991.30560799995,108.85797847449696
1791148589,384,,Aggregated,47.800000,0.000000,510,1700,3400,4700,8800,13000,22000,27000,32000,33000,33000,17096,0,510,2911.2594159871282,20.107629999984056,32991.30560799995,108.85797847449696
1791148590,384,,Aggregated,50.600000,0.000000,520,1800,3500,4800,8900,14000,22000,27000,33000,33000,33000,17232,0,520,2947.0432227961323,20.107629999984056,32991.30560799995,108.89113277623026
1791148591,384,,Aggregated,50.600000,0.000000,520,1800,3500,4800,8900,14000,22000,27000,33000,33000,33000,17232,0,520,2947.0432227961323,20.107629999984056,32991.30560799995,108.89113277623026
1791148592,384,,Aggregated,50.600000,0.000000,520,1800,3500,4800,8900,14000,22000,27000,33000,33000,33000,17232,0,520,2947.0432227961323,20.107629999984056,32991.30560799995,108.89113277623026
1791148593,384,,Aggregated,46.200000,0.000000,530,1900,3600,4900,9100,14000,22000,27000,33000,33000,34000,17368,0,530,2990.9402466149218,20.107629999984056,33503.246519999724,108.97362966374942
1791148594,384,,Aggregated,46.200000,0.000000,530,1900,3600,4900,9100,14000,22000,27000,33000,33000,34000,17368,0,530,2990.9402466149218,20.107629999984056,33503.246519999724,108.97362966374942
1791148595,384,,Aggregated,46.200000,0.000000,530,1900,3600,4900,9100,14000,22000,27000,33000,33000,34000,17368,0,530,2990.9402466149218,20.107629999984056,33503.246519999724,108.97362966374942
1791148596,384,,Aggregated,49.200000,0.000000,540,2000,3700,5000,9100,14000,23000,27000,33000,34000,34000,17522,0,540,3043.09286014433,20.107629999984056,34201.90297699992,108.9924666134003
1791148597,384,,Aggregated,49.200000,0.000000,540,2000,3700,5000,9100,14000,23000,27000,33000,34000,34000,17522,0,540,3043.09286014433,20.107629999984056,34201.90297699992,108.9924666134003
1791148598,384,,Aggregated,49.200000,0.000000,540,2000,3700,5000,9100,14000,23000,27000,33000,34000,34000,17522,0,540,3043.09286014433,20.107629999984056,34201.90297699992,108.9924666134003
1791148599,384,,Aggregated,46.800000,0.000000,540,2000,3800,5200,9300,14000,23000,27000,33000,34000,34000,17640,0,540,3085.1707297880357,20.107629999984056,34492.5567360001,108.94359410430839
1791148600,384,,Aggregated,46.800000,0.000000,540,2000,3800,5200,9300,14000,23000,27000,33000,34000,34000,17640,0,540,3085.1707297880357,20.107629999984056,34492.5567360001,108.94359410430839
1791148601,384,,Aggregated,46.800000,0.000000,540,2000,3800,5200,9300,14000,23000,27000,33000,34000,34000,17640,0,540,3085.1707297880357,20.107629999984056,34492.5567360001,108.94359410430839
1791148602,384,,Aggregated,45.200000,0.000000,560,2100,4000,5300,9400,15000,23000,28000,33000,35000,35000,17780,0,560,3138.1888631516285,20.107629999984056,35119.57110699995,108.93824521934758
1791148603,384,,Aggregated,45.200000,0.000000,560,2100,4000,5300,9400,15000,23000,28000,33000,35000,35000,17780,0,560,3138.1888631516285,20.107629999984056,35119.57110699995,108.93824521934758
1791148604,384,,Aggregated,45.200000,0.000000,560,2100,4000,5300,9400,15000,23000,28000,33000,35000,35000,17780,0,560,3138.1888631516285,20.107629999984056,35119.57110699995,108.93824521934758
1791148605,384,,Aggregated,46.600000,0.000000,570,2200,4100,5400,9400,15000,24000,28000,34000,36000,36000,17920,0,570,3192.6561558305225,20.107629999984056,35760.51959200004,108.92684151785714
1791148606,384,,Aggregated,46.600000,0.000000,570,2200,4100,5400,9400,15000,24000,28000,34000,36000,36000,17920,0,570,3192.6561558305225,20.107629999984056,35760.51959200004,108.92684151785714
1791148607,384,,Aggregated,46.600000,0.000000,570,2200,4100,5400,9400,15000,24000,28000,34000,36000,36000,17920,0,570,3192.6561558305225,20.107629999984056,35760.51959200004,108.92684151785714
1791148608,384,,Aggregated,44.400000,0.000000,570,2200,4200,5500,9500,15000,24000,28000,34000,36000,36000,18036,0,570,3239.061392666054,20.107629999984056,36485.013457000154,108.94566422710135
1791148609,384,,Aggregated,44.400000,0.000000,570,2200,4200,5500,9500,15000,24000,28000,34000,36000,36000,18036,0,570,3239.061392666054,20.107629999984056,36485.013457000154,108.94566422710135
1791148610,384,,Aggregated,44.400000,0.000000,570,2200,4200,5500,9500,15000,24000,28000,34000,36000,36000,18036,0,570,3239.061392666054,20.107629999984056,36485.013457000154,108.94566422710135
1791148611,384,,Aggregated,44.400000,0.000000,580,2300,4400,5600,9600,15000,24000,28000,34000,36000,36000,18164,0,580,3285.371679320852,20.107629999984056,36485.013457000154,108.81969830433825
1791148612,384,,Aggregated,44.400000,0.000000,580,2300,4400,5600,9600,15000,24000,28000,34000,36000,36000,18164,0,580,3285.371679320852,20.107629999984056,36485.013457000154,108.81969830433825
1791148613,384,,Aggregated,44.400000,0.000000,580,2300,4400,5600,9600,15000,24000,28000,34000,36000,36000,18164,0,580,3285.371679320852,20.107629999984056,36485.013457000154,108.81969830433825
1791148614,384,,Aggregated,43.200000,0.000000,590,2400,4500,5700,9800,15000,24000,29000,35000,37000,37000,18304,0,590,3346.469411145867,20.107629999984056,37103.609988000244,108.94411057692308
1791148615,384,,Aggregated,43.200000,0.000000,590,2400,4500,5700,9800,15000,24000,29000,35000,37000,37000,18304,0,590,3346.469411145867,20.107629999984056,37103.609988000244,108.94411057692308
1791148616,384,,Aggregated,43.200000,0.000000,590,2400,4500,5700,9800,15000,24000,29000,35000,37000,37000,18304,0,590,3346.469411145867,20.107629999984056,37103.609988000244,108.94411057692308
1791148617,384,,Aggregated,44.600000,0.000000,600,2500,4700,5800,9900,15000,24000,29000,36000,37000,37000,18446,0,600,3402.906521414124,20.107629999984056,37379.16181699984,108.96758104738154
1791148618,384,,Aggregated,44.600000,0.000000,600,2500,4700,5800,9900,15000,24000,29000,36000,37000,37000,18446,0,600,3402.906521414124,20.107629999984056,37379.16181699984,108.96758104738154
1791148619,384,,Aggregated,44.600000,0.000000,600,2500,4700,5800,9900,15000,24000,29000,36000,37000,37000,18446,0,600,3402.906521414124,20.107629999984056,37379.16181699984,108.96758104738154
1791148620,384,,Aggregated,46.000000,0.000000,620,2600,4800,5900,10000,15000,24000,29000,37000,40000,40000,18588,0,620,3460.3718141526756,20.107629999984056,39526.672599,108.9829997848074
1791148621,384,,Aggregated,46.000000,0.000000,620,2600,4800,5900,10000,15000,24000,29000,37000,40000,40000,18588,0,620,3460.3718141526756,20.107629999984056,39526.672599,108.9829997848074
1791148622,384,,Aggregated,46.000000,0.000000,620,2600,4800,5900,10000,15000,24000,29000,37000,40000,40000,18588,0,620,3460.3718141526756,20.107629999984056,39526.672599,108.9829997848074
1791148623,384,,Aggregated,47.400000,0.000000,630,2700,5000,5900,10000,16000,24000,30000,39000,43000,43000,18754,0,630,3536.1685179621372,20.107629999984056,42960.9515520001,109.17254985603071
1791148624,384,,Aggregated,47.400000,0.000000,630,2700,5000,5900,10000,16000,24000,30000,39000,43000,43000,18754,0,630,3536.1685179621372,20.107629999984056,42960.9515520001,109.17254985603071
1791148625,384,,Aggregated,47.400000,0.000000,630,2700,5000,5900,10000,16000,24000,30000,39000,43000,43000,18754,0,630,3536.1685179621372,20.107629999984056,42960.9515520001,109.17254985603071
1791148626,384,,Aggregated,48.800000,0.000000,640,2800,5100,6000,10000,16000,25000,30000,40000,43000,43000,18880,0,640,3590.770356157358,20.107629999984056,43276.03466600021,109.25805084745762
1791148627,384,,Aggregated,48.800000,0.000000,640,2800,5100,6000,10000,16000,25000,30000,40000,43000,43000,18880,0,640,3590.770356157358,20.107629999984056,43276.03466600021,109.25805084745762
1791148628,384,,Aggregated,48.800000,0.000000,640,2800,5100,6000,10000,16000,25000,30000,40000,43000,43000,18880,0,640,3590.770356157358,20.107629999984056,43276.03466600021,109.25805084745762
1791148629,384,,Aggregated,46.600000,0.000000,660,2900,5200,6000,10000,16000,25000,30000,41000,43000,44000,19010,0,660,3642.6866314911053,20.107629999984056,43586.38318999965,109.26964755391899
1791148630,384,,Aggregated,46.600000,0.000000,660,2900,5200,6000,10000,16000,25000,30000,41000,43000,44000,19010,0,660,3642.6866314911053,20.107629999984056,43586.38318999965,109.26964755391899
1791148631,384,,Aggregated,46.600000,0.000000,660,2900,5200,6000,10000,16000,25000,30000,41000,43000,44000,19010,0,660,3642.6866314911053,20.107629999984056,43586.38318999965,109.26964755391899
1791148632,384,,Aggregated,45.600000,0.000000,670,3000,5300,6000,10000,16000,25000,31000,43000,44000,44000,19144,0,670,3697.8942575181736,20.107629999984056,44241.911932999756,109.31680944421228
1791148633,384,,Aggregated,45.600000,0.000000,670,3000,5300,6000,10000,16000,25000,31000,43000,44000,44000,19144,0,670,3697.8942575181736,20.107629999984056,44241.911932999756,109.31680944421228
1791148634,384,,Aggregated,45.600000,0.000000,670,3000,5300,6000,10000,16000,25000,31000,43000,44000,44000,19144,0,670,3697.8942575181736,20.107629999984056,44241.911932999756,109.31680944421228
1791148635,384,,Aggregated,44.600000,0.000000,690,3100,5400,6100,11000,16000,25000,31000,43000,44000,44000,19268,0,690,3742.7932276339484,20.107629999984056,44241.911932999756,109.27605356030725
1791148636,384,,Aggregated,44.600000,0.000000,690,3100,5400,6100,11000,16000,25000,31000,43000,44000,44000,19268,0,690,3742.7932276339484,20.107629999984056,44241.911932999756,109.27605356030725
1791148637,384,,Aggregated,44.600000,0.000000,690,3100,5400,6100,11000,16000,25000,31000,43000,44000,44000,19268,0,690,3742.7932276339484,20.107629999984056,44241.911932999756,109.27605356030725
1791148638,384,,Aggregated,44.400000,0.000000,710,3200,5500,6100,11000,16000,25000,31000,43000,44000,44000,19412,0,710,3799.5405786415586,20.107629999984056,44241.911932999756,109.32912631362043
1791148639,384,,Aggregated,44.400000,0.000000,710,3200,5500,6100,11000,16000,25000,31000,43000,44000,44000,19412,0,710,3799.5405786415586,20.107629999984056,44241.911932999756,109.32912631362043
1791148640,512,,Aggregated,44.400000,0.000000,710,3200,5500,6100,11000,16000,25000,31000,43000,44000,44000,19412,0,710,3799.5405786415586,20.107629999984056,44241.911932999756,109.32912631362043
1791148641,512,,Aggregated,44.600000,0.000000,730,3300,5500,6100,11000,17000,25000,32000,43000,44000,44000,19574,0,730,3852.60125438847,20.107629999984056,44241.911932999756,109.1762031265965
1791148642,512,,Aggregated,44.600000,0.000000,730,3300,5500,6100,11000,17000,25000,32000,43000,44000,44000,19574,0,730,3852.60125438847,20.107629999984056,44241.911932999756,109.1762031265965
1791148643,512,,Aggregated,44.600000,0.000000,730,3300,5500,6100,11000,17000,25000,32000,43000,44000,44000,19574,0,730,3852.60125438847,20.107629999984056,44241.911932999756,109.1762031265965
1791148644,512,,Aggregated,48.600000,0.000000,760,3400,5600,6200,11000,17000,25000,32000,43000,44000,44000,19718,0,760,3901.306331268735,20.107629999984056,44241.911932999756,109.124961963688
1791148645,512,,Aggregated,48.600000,0.000000,760,3400,5600,6200,11000,17000,25000,32000,43000,44000,44000,19718,0,760,3901.306331268735,20.107629999984056,44241.911932999756,109.124961963688
1791148646,512,,Aggregated,48.600000,0.000000,760,3400,5600,6200,11000,17000,25000,32000,43000,44000,44000,19718,0,760,3901.306331268735,20.107629999984056,44241.911932999756,109.124961963688
1791148647,512,,Aggregated,51.400000,0.000000,780,3600,5600,6200,11000,17000,26000,32000,43000,44000,44000,19872,0,780,3957.3476932729427,20.107629999984056,44241.911932999756,109.16802536231884
1791148648,512,,Aggregated,51.400000,0.000000,780,3600,5600,6200,11000,17000,26000,32000,43000,44000,44000,19872,0,780,3957.3476932729427,20.107629999984056,44241.911932999756,109.16802536231884
1791148649,512,,Aggregated,51.400000,0.000000,780,3600,5600,6200,11000,17000,26000,32000,43000,44000,44000,19872,0,780,3957.3476932729427,20.107629999984056,44241.911932999756,109.16802536231884
1791148650,512,,Aggregated,50.200000,0.000000,820,3700,5700,6300,11000,17000,26000,32000,43000,44000,44000,20022,0,820,4009.796453370588,20.107629999984056,44241.911932999756,109.05503945659774
1791148651,512,,Aggregated,50.200000,0.000000,820,3700,5700,6300,11000,17000,26000,32000,43000,44000,44000,20022,0,820,4009.796453370588,20.107629999984056,44241.911932999756,109.05503945659774
1791148652,512,,Aggregated,50.200000,0.000000,820,3700,5700,6300,11000,17000,26000,32000,43000,44000,44000,20022,0,820,4009.796453370588,20.107629999984056,44241.911932999756,109.05503945659774
1791148653,512,,Aggregated,51.600000,0.000000,850,3900,5700,6400,11000,17000,26000,32000,44000,44000,44000,20160,0,850,4068.546804856841,20.107629999984056,44241.911932999756,109.0267361111111
1791148654,512,,Aggregated,51.600000,0.000000,850,3900,5700,6400,11000,17000,26000,32000,44000,44000,44000,20160,0,850,4068.546804856841,20.107629999984056,44241.911932999756,109.0267361111111
1791148655,512,,Aggregated,51.600000,0.000000,850,3900,5700,6400,11000,17000,26000,32000,44000,44000,44000,20160,0,850,4068.546804856841,20.107629999984056,44241.911932999756,109.0267361111111
1791148656,512,,Aggregated,49.400000,0.000000,890,4000,5800,6600,11000,17000,26000,33000,44000,44000,44000,20292,0,890,4131.186247852549,20.107629999984056,44241.911932999756,109.18287995269071
1791148657,512,,Aggregated,49.400000,0.000000,890,4000,5800,6600,11000,17000,26000,33000,44000,44000,44000,20292,0,890,4131.186247852549,20.107629999984056,44241.911932999756,109.18287995269071
1791148658,512,,Aggregated,49.400000,0.000000,890,4000,5800,6600,11000,17000,26000,33000,44000,44000,44000,20292,0,890,4131.186247852549,20.107629999984056,44241.911932999756,109.18287995269071
1791148659,512,,Aggregated,47.200000,0.000000,930,4100,5800,6800,12000,17000,26000,33000,44000,44000,44000,20452,0,930,4209.061632763785,20.107629999984056,44241.911932999756,109.2395853706239
1791148660,512,,Aggregated,47.200000,0.000000,930,4100,5800,6800,12000,17000,26000,33000,44000,44000,44000,20452,0,930,4209.061632763785,20.107629999984056,44241.911932999756,109.2395853706239
1791148661,512,,Aggregated,47.200000,0.000000,930,4100,5800,6800,12000,17000,26000,33000,44000,44000,44000,20452,0,930,4209.061632763785,20.107629999984056,44241.911932999756,109.2395853706239
1791148662,512,,Aggregated,47.800000,0.000000,970,4300,5900,7000,12000,17000,27000,33000,44000,44000,44000,20606,0,970,4287.057872418855,20.107629999984056,44241.911932999756,109.25793458216053
1791148663,512,,Aggregated,47.800000,0.000000,970,4300,5900,7000,12000,17000,27000,33000,44000,44000,44000,20606,0,970,4287.057872418855,20.107629999984056,44241.911932999756,109.25793458216053
1791148664,512,,Aggregated,47.800000,0.000000,970,4300,5900,7000,12000,17000,27000,33000,44000,44000,44000,20606,0,970,4287.057872418855,20.107629999984056,44241.911932999756,109.25793458216053
1791148666,512,,Aggregated,49.200000,0.000000,1000,4400,5900,7200,12000,18000,27000,33000,44000,44000,44000,20740,0,1000,4354.241854626032,20.107629999984056,44241.911932999756,109.22270973963356
1791148667,512,,Aggregated,49.200000,0.000000,1000,4400,5900,7200,12000,18000,27000,33000,44000,44000,44000,20740,0,1000,4354.241854626032,20.107629999984056,44241.911932999756,109.22270973963356
1791148668,512,,Aggregated,49.200000,0.000000,1000,4400,5900,7200,12000,18000,27000,33000,44000,44000,44000,20740,0,1000,4354.241854626032,20.107629999984056,44241.911932999756,109.22270973963356
1791148669,512,,Aggregated,50.200000,0.000000,1000,4600,6000,7400,12000,18000,27000,34000,44000,44000,44000,20890,0,1000,4428.517440250067,20.107629999984056,44241.911932999756,109.13671613212063
1791148670,512,,Aggregated,50.200000,0.000000,1000,4600,6000,7400,12000,18000,27000,34000,44000,44000,44000,20890,0,1000,4428.517440250067,20.107629999984056,44241.911932999756,109.13671613212063
1791148671,512,,Aggregated,50.200000,0.000000,1000,4600,6000,7400,12000,18000,27000,34000,44000,44000,44000,20890,0,1000,4428.517440250067,20.107629999984056,44241.911932999756,109.13671613212063
1791148672,512,,Aggregated,49.600000,0.000000,1100,4800,6000,7600,12000,18000,27000,34000,43000,44000,44000,21034,0,1100,4502.386368687739,20.107629999984056,44241.911932999756,109.17419416183323
1791148673,512,,Aggregated,49.600000,0.000000,1100,4800,6000,7600,12000,18000,27000,34000,43000,44000,44000,21034,0,1100,4502.386368687739,20.107629999984056,44241.911932999756,109.17419416183323
1791148674,512,,Aggregated,49.600000,0.000000,1100,4800,6000,7600,12000,18000,27000,34000,43000,44000,44000,21034,0,1100,4502.386368687739,20.107629999984056,44241.911932999756,109.17419416183323
1791148675,512,,Aggregated,48.000000,0.000000,1100,4800,6100,7800,13000,18000,28000,35000,43000,44000,44000,21160,0,1100,4567.676044520175,20.107629999984056,44241.911932999756,109.2148393194707
1791148676,512,,Aggregated,48.000000,0.000000,1100,4800,6100,7800,13000,18000,28000,35000,43000,44000,44000,21160,0,1100,4567.676044520175,20.107629999984056,44241.911932999756,109.2148393194707
1791148677,512,,Aggregated,48.000000,0.000000,1100,4800,6100,7800,13000,18000,28000,35000,43000,44000,44000,21160,0,1100,4567.676044520175,20.107629999984056,44241.911932999756,109.2148393194707
1791148678,512,,Aggregated,47.800000,0.000000,1200,4900,6100,7900,13000,18000,28000,36000,43000,44000,44000,21286,0,1200,4639.819330269844,20.107629999984056,44241.911932999756,109.46157098562435
1791148679,512,,Aggregated,47.800000,0.000000,1200,4900,6100,7900,13000,18000,28000,36000,43000,44000,44000,21286,0,1200,4639.819330269844,20.107629999984056,44241.911932999756,109.46157098562435
1791148680,512,,Aggregated,47.800000,0.000000,1200,4900,6100,7900,13000,18000,28000,36000,43000,44000,44000,21286,0,1200,4639.819330269844,20.107629999984056,44241.911932999756,109.46157098562435
1791148681,512,,Aggregated,44.200000,0.000000,1200,5000,6200,8100,13000,19000,28000,36000,43000,44000,44000,21426,0,1200,4713.544649341823,20.107629999984056,44241.911932999756,109.50620741155605
1791148682,512,,Aggregated,44.200000,0.000000,1200,5000,6200,8100,13000,19000,28000,36000,43000,44000,44000,21426,0,1200,4713.544649341823,20.107629999984056,44241.911932999756,109.50620741155605
1791148683,512,,Aggregated,44.200000,0.000000,1200,5000,6200,8100,13000,19000,28000,36000,43000,44000,44000,21426,0,1200,4713.544649341823,20.107629999984056,44241.911932999756,109.50620741155605
1791148684,512,,Aggregated,44.600000,0.000000,1300,5100,6300,8400,13000,19000,29000,37000,43000,44000,44000,21564,0,1300,4786.376336203761,20.107629999984056,44241.911932999756,109.52290855128919
1791148685,512,,Aggregated,44.600000,0.000000,1300,5100,6300,8400,13000,19000,29000,37000,43000,44000,44000,21564,0,1300,4786.376336203761,20.107629999984056,44241.911932999756,109.52290855128919
1791148686,512,,Aggregated,44.600000,0.000000,1300,5100,6300,8400,13000,19000,29000,37000,43000,44000,44000,21564,0,1300,4786.376336203761,20.107629999984056,44241.911932999756,109.52290855128919
1791148687,512,,Aggregated,45.000000,0.000000,1300,5200,6400,8500,14000,19000,29000,37000,44000,44000,45000,21708,0,1300,4861.194889181127,20.107629999984056,44770.911615999925,109.47844112769486
1791148688,512,,Aggregated,45.000000,0.000000,1300,5200,6400,8500,14000,19000,29000,37000,44000,44000,45000,21708,0,1300,4861.194889181127,20.107629999984056,44770.911615999925,109.47844112769486
1791148689,512,,Aggregated,45.000000,0.000000,1300,5200,6400,8500,14000,19000,29000,37000,44000,44000,45000,21708,0,1300,4861.194889181127,20.107629999984056,44770.911615999925,109.47844112769486
1791148690,512,,Aggregated,46.600000,0.000000,1400,5300,6600,8700,14000,20000,29000,37000,44000,47000,48000,21842,0,1400,4932.203003311734,20.107629999984056,47552.817990999756,109.4818240087904
1791148691,512,,Aggregated,46.600000,0.000000,1400,5300,6600,8700,14000,20000,29000,37000,44000,47000,48000,21842,0,1400,4932.203003311734,20.107629999984056,47552.817990999756,109.4818240087904
1791148692,512,,Aggregated,46.600000,0.000000,1400,5300,6600,8700,14000,20000,29000,37000,44000,47000,48000,21842,0,1400,4932.203003311734,20.107629999984056,47552.817990999756,109.4818240087904
1791148693,512,,Aggregated,45.400000,0.000000,1400,5300,6800,8900,14000,20000,29000,37000,44000,47000,48000,21976,0,1400,4999.982146293179,20.107629999984056,47552.817990999756,109.43374590462322
1791148694,512,,Aggregated,45.400000,0.000000,1400,5300,6800,8900,14000,20000,29000,37000,44000,47000,48000,21976,0,1400,4999.982146293179,20.107629999984056,47552.817990999756,109.43374590462322
1791148695,512,,Aggregated,45.400000,0.000000,1400,5300,6800,8900,14000,20000,29000,37000,44000,47000,48000,21976,0,1400,4999.982146293179,20.107629999984056,47552.817990999756,109.43374590462322
1791148696,512,,Aggregated,45.000000,0.000000,1400,5400,7100,9300,14000,20000,29000,38000,44000,48000,48000,22130,0,1400,5085.508452455892,20.107629999984056,47845.20356899975,109.57135110709444
1791148697,512,,Aggregated,45.000000,0.000000,1400,5400,7100,9300,14000,20000,29000,38000,44000,48000,48000,22130,0,1400,5085.508452455892,20.107629999984056,47845.20356899975,109.57135110709444
1791148698,512,,Aggregated,45.000000,0.000000,1400,5400,7100,9300,14000,20000,29000,38000,44000,48000,48000,22130,0,1400,5085.508452455892,20.107629999984056,47845.20356899975,109.57135110709444
1791148699,512,,Aggregated,46.600000,0.000000,1500,5400,7300,9600,14000,20000,30000,38000,45000,48000,48000,22280,0,1500,5160.500392094923,20.107629999984056,47845.20356899975,109.55771992818671
1791148700,512,,Aggregated,46.600000,0.000000,1500,5400,7300,9600,14000,20000,30000,38000,45000,48000,48000,22280,0,1500,5160.500392094923,20.107629999984056,47845.20356899975,109.55771992818671
1791148701,0,,Aggregated,46.600000,0.000000,1500,5400,7300,9600,14000,20000,30000,38000,45000,48000,48000,22280,0,1500,5160.500392094923,20.107629999984056,47845.20356899975,109.55771992818671
1791148702,0,,Aggregated,46.400000,0.000000,1500,5500,7400,9700,14000,21000,30000,38000,45000,48000,48000,22350,0,1500,5199.231975214133,20.107629999984056,47845.20356899975,109.6448769574944
1791148703,0,,Aggregated,46.400000,0.000000,1500,5500,7400,9700,14000,21000,30000,38000,45000,48000,48000,22350,0,1500,5199.231975214133,20.107629999984056,47845.20356899975,109.6448769574944
1791148704,0,,Aggregated,46.400000,0.000000,1500,5500,7400,9700,14000,21000,30000,38000,45000,48000,48000,22350,0,1500,5199.231975214133,20.107629999984056,47845.20356899975,109.6448769574944
1791148705,0,,Aggregated,46.400000,0.000000,1500,5500,7400,9700,14000,21000,30000,38000,45000,48000,48000,22350,0,1500,5199.231975214133,20.107629999984056,47845.20356899975,109.6448769574944
1791148706,0,,Aggregated,46.400000,0.000000,1500,5500,7400,9700,14000,21000,30000,38000,45000,48000,48000,22350,0,1500,5199.231975214133,20.107629999984056,47845.20356899975,109.6448769574944
1791148707,0,,Aggregated,46.400000,0.000000,1500,5500,7400,9700,14000,21000,30000,38000,45000,48000,48000,22350,0,1500,5199.231975214133,20.107629999984056,47845.20356899975,109.6448769574944
